_2_fwd_4_COLUs_col4_0_speed_r_2_PV_sp_y,_2_fwd_4_COLUs_col4_0_speed_r_2_PV_sp,_2_fwd_3_GUIDEs_GUIDE_3_1_SplineSnap_4_SHIFTS_PV_v_03,_2_fwd_3_GUIDEs_GUIDE_3_1_SplineSnap_4_SHIFTS_PV_u_03,_2_fwd_3_GUIDEs_GUIDE_3_1_SplineSnap_4_SHIFTS_PV_t_02,_2_fwd_3_GUIDEs_GUIDE_2_4_circleSnap_PV_t_angle,_2_fwd_3_GUIDEs_GUIDE_2_4_circleSnap_PV_sp,_2_fwd_3_GUIDEs_GUIDE_2_4_circleSnap_PV_ax_end,_2_fwd_3_GUIDEs_GUIDE_2_1_SplineSnap_4_SHIFTS_PV_v_02,_2_fwd_3_GUIDEs_GUIDE_2_1_SplineSnap_4_SHIFTS_PV_u_02,_2_fwd_2_VERTICAL_2_FRAME_seg02_PM_PV_zr_end,_2_fwd_2_VERTICAL_2_FRAME_seg01_PM_PV_zr_end,_2_fwd_2_VERTICAL_1_STEM_seg02_PM_PV_sp_midPoint,_2_fwd_2_VERTICAL_1_STEM_seg02_PM_PV_ar_mid,_2_fwd_2_VERTICAL_1_STEM_seg01_PV_sp_Start,_2_fwd_2_VERTICAL_1_STEM_seg01_PV_sp_End,_2_fwd_2_VERTICAL_1_STEM_PM_PV_zr_bulbNose,_2_fwd_2_VERTICAL_0_PM_PV_zr_FP,f(x),FORCES,WAVEHEIGHTS,Design ID,Ancestry,FSOPT_Generation,FSOPT_Design_ID,FSOPT_Parent_ID
0.4233333333,0.3,0.4941176471,0.5490196078,0.5023529412,0.5035294118,0.1102352941,2.282352941,0.4611764706,0.4949019608,0.8988235294,0.3364705882,0.6258823529,1.356862745,0.7025882353,0.1501960784,0.9166666667,0.7737254902,,-0.2169123,-0.1623903,NSGA_TANDEM/gen001/03_OPT/00/NSGA1_000/DES_00004,,1,03_OPT/00/NSGA1_000/DES_00004,
0.2333333333,0.59,0.4894117647,0.5647058824,0.4501960784,0.5411764706,0.1336862745,6.4,0.6243137255,0.52,0.8988235294,0.3639215686,0.622745098,1.254901961,0.7336470588,0.1349019608,0.8960784314,0.802745098,,1.120894,1.529846,NSGA_TANDEM/gen001/03_OPT/00/NSGA1_000/DES_00006,,1,03_OPT/00/NSGA1_000/DES_00006,
0.23,0.5533333333,0.4941176471,0.4533333333,0.4639215686,0.4894117647,0.1352156863,6.235294118,0.5239215686,0.4760784314,0.9011764706,0.3466666667,0.6533333333,0.8470588235,0.6927058824,0.1549019608,0.8941176471,0.8356862745,,1.25093,1.554524,NSGA_TANDEM/gen001/03_OPT/00/NSGA1_000/DES_00007,,1,03_OPT/00/NSGA1_000/DES_00007,
0.1933333333,0.52,0.5152941176,0.5364705882,0.6698039216,0.5082352941,0.1209411765,-1.505882353,0.3576470588,0.4478431373,0.9135294118,0.3552941176,0.6290196078,1.474509804,0.6828235294,0.1525490196,0.9352941176,0.8058823529,,0.2736419,0.8286066,NSGA_TANDEM/gen001/03_OPT/00/NSGA1_000/DES_00008,,1,03_OPT/00/NSGA1_000/DES_00008,
0.2766666667,0.4133333333,0.3976470588,0.4611764706,0.422745098,0.4588235294,0.1163529412,-2.329411765,0.5019607843,0.5592156863,0.8764705882,0.3545098039,0.6360784314,1.341176471,0.6574117647,0.1682352941,0.8529411765,0.8254901961,,1.23919,1.518723,NSGA_TANDEM/gen001/03_OPT/00/NSGA1_000/DES_00009,,1,03_OPT/00/NSGA1_000/DES_00009,
0.38,0.5166666667,0.5435294118,0.497254902,0.6039215686,0.5717647059,0.1270588235,6.4,0.542745098,0.4588235294,0.9176470588,0.3356862745,0.6023529412,1.364705882,0.7011764706,0.1403921569,0.8764705882,0.8137254902,,0.523219,0.9459777,NSGA_TANDEM/gen001/03_OPT/00/NSGA1_000/DES_00010,,1,03_OPT/00/NSGA1_000/DES_00010,
0.26,0.6066666667,0.4094117647,0.5035294118,0.4282352941,0.5388235294,0.1209411765,5.576470588,0.48,0.4917647059,0.8711764706,0.3592156863,0.6164705882,1.388235294,0.656,0.1443137255,0.8921568627,0.8192156863,,0.404606,0.8411,NSGA_TANDEM/gen001/03_OPT/00/NSGA1_000/DES_00011,,1,03_OPT/00/NSGA1_000/DES_00011,
0.3266666667,0.4133333333,0.5105882353,0.4705882353,0.5215686275,0.5364705882,0.1362352941,5.082352941,0.5929411765,0.4854901961,0.8847058824,0.3466666667,0.6243137255,1.325490196,0.6249411765,0.1647058824,0.9117647059,0.8349019608,,0.9546051,1.506446,NSGA_TANDEM/gen001/03_OPT/00/NSGA1_000/DES_00015,,1,03_OPT/00/NSGA1_000/DES_00015,
0.41,0.4966666667,0.5082352941,0.5082352941,0.5133333333,0.5670588235,0.136745098,8.705882353,0.3796078431,0.5764705882,0.9023529412,0.3498039216,0.6447058824,1.098039216,0.6207058824,0.1537254902,0.9245098039,0.8176470588,,0.7951625,1.510002,NSGA_TANDEM/gen001/03_OPT/00/NSGA1_000/DES_00016,,1,03_OPT/00/NSGA1_000/DES_00016,
0.5166666667,0.41,0.5082352941,0.4815686275,0.4776470588,0.5835294118,0.1326666667,6.729411765,0.511372549,0.4949019608,0.9047058824,0.3717647059,0.6345098039,0.9960784314,0.6927058824,0.1619607843,0.8990196078,0.8003921569,,0.4919875,0.7145399,NSGA_TANDEM/gen001/03_OPT/00/NSGA1_000/DES_00019,,1,03_OPT/00/NSGA1_000/DES_00019,
0.4633333333,0.57,0.5505882353,0.4815686275,0.4556862745,0.4258823529,0.1270588235,10.84705882,0.4047058824,0.4007843137,0.9023529412,0.3207843137,0.6384313725,1.309803922,0.6898823529,0.1247058824,0.9254901961,0.7894117647,,0.2156651,0.3711711,NSGA_TANDEM/gen001/03_OPT/00/NSGA1_000/DES_00020,,1,03_OPT/00/NSGA1_000/DES_00020,
0.37,0.5,0.5411764706,0.4,0.4611764706,0.5294117647,0.1102352941,2.447058824,0.2698039216,0.5152941176,0.9117647059,0.3254901961,0.617254902,1.223529412,0.6983529412,0.1607843137,0.9098039216,0.8074509804,,-0.02150611,0.2052284,NSGA_TANDEM/gen001/03_OPT/00/NSGA1_000/DES_00023,,1,03_OPT/00/NSGA1_000/DES_00023,
0.4466666667,0.3366666667,0.5317647059,0.4658823529,0.4996078431,0.5623529412,0.1336862745,10.51764706,0.5835294118,0.4149019608,0.8894117647,0.3725490196,0.6250980392,1.192156863,0.6898823529,0.1494117647,0.8656862745,0.7980392157,,0.4267051,0.5883086,NSGA_TANDEM/gen001/03_OPT/00/NSGA1_000/DES_00024,,1,03_OPT/00/NSGA1_000/DES_00024,
0.4066666667,0.3966666667,0.5105882353,0.5145098039,0.4035294118,0.5647058824,0.1352156863,6.235294118,0.5615686275,0.4509803922,0.8847058824,0.3294117647,0.6282352941,1.301960784,0.6390588235,0.1384313725,0.9284313725,0.7674509804,,0.023079,0.08225322,NSGA_TANDEM/gen001/03_OPT/00/NSGA1_000/DES_00025,,1,03_OPT/00/NSGA1_000/DES_00025,
0.2933333333,0.6066666667,0.5670588235,0.5270588235,0.56,0.5905882353,0.1245098039,3.6,0.5145098039,0.4964705882,0.8823529412,0.3482352941,0.6243137255,1.411764706,0.6545882353,0.168627451,0.9205882353,0.8137254902,,0.2934474,0.8785693,NSGA_TANDEM/gen001/03_OPT/00/NSGA1_000/DES_00026,,1,03_OPT/00/NSGA1_000/DES_00026,
0.38,0.4733333333,0.5035294118,0.4298039216,0.4062745098,0.5435294118,0.1214509804,2.282352941,0.542745098,0.5262745098,0.9152941176,0.351372549,0.6164705882,1.560784314,0.6051764706,0.1368627451,0.8352941176,0.802745098,,0.9066199,1.259663,NSGA_TANDEM/gen001/03_OPT/00/NSGA1_000/DES_00027,,1,03_OPT/00/NSGA1_000/DES_00027,
0.29,0.7466666667,0.5035294118,0.497254902,0.4941176471,0.56,0.130627451,3.270588235,0.4109803922,0.4729411765,0.9158823529,0.3843137255,0.622745098,0.7529411765,0.6941176471,0.1560784314,0.9147058824,0.8192156863,,0.7581345,1.192683,NSGA_TANDEM/gen001/03_OPT/00/NSGA1_000/DES_00029,,1,03_OPT/00/NSGA1_000/DES_00029,
0.3033333333,0.5166666667,0.5223529412,0.5160784314,0.5682352941,0.5152941176,0.1219607843,2.611764706,0.5552941176,0.502745098,0.9188235294,0.3678431373,0.6337254902,1.474509804,0.6912941176,0.1443137255,0.9117647059,0.7447058824,,0.2661899,0.2191297,NSGA_TANDEM/gen001/03_OPT/00/NSGA1_000/DES_00030,,1,03_OPT/00/NSGA1_000/DES_00030,
0.3233333333,0.5033333333,0.4470588235,0.5035294118,0.4529411765,0.5152941176,0.1214509804,0.4705882353,0.5050980392,0.537254902,0.9076470588,0.3615686275,0.6274509804,1.505882353,0.6305882353,0.142745098,0.8960784314,0.8082352941,,0.6979129,1.138178,NSGA_TANDEM/gen001/03_OPT/00/NSGA1_000/DES_00032,,1,03_OPT/00/NSGA1_000/DES_00032,
0.3233333333,0.3833333333,0.3458823529,0.4831372549,0.4639215686,0.5694117647,0.1234901961,6.894117647,0.3764705882,0.5121568627,0.8935294118,0.3709803922,0.6282352941,1.490196078,0.6912941176,0.1741176471,0.9,0.7949019608,,0.4549129,0.6902244,NSGA_TANDEM/gen001/03_OPT/00/NSGA1_000/DES_00033,,1,03_OPT/00/NSGA1_000/DES_00033,
0.2933333333,0.4166666667,0.5035294118,0.5505882353,0.417254902,0.5976470588,0.1449019608,3.105882353,0.4768627451,0.5231372549,0.8794117647,0.3662745098,0.6415686275,1.247058824,0.7124705882,0.1411764706,0.8823529412,0.7768627451,,1.178587,1.424825,NSGA_TANDEM/gen001/03_OPT/00/NSGA1_000/DES_00038,,1,03_OPT/00/NSGA1_000/DES_00038,
0.2433333333,0.27,0.5035294118,0.5301960784,0.5682352941,0.5482352941,0.1357254902,6.894117647,0.4235294118,0.4305882353,0.9094117647,0.3411764706,0.6141176471,1.6,0.6757647059,0.1521568627,0.9450980392,0.7847058824,,0.1721178,0.6291636,NSGA_TANDEM/gen001/03_OPT/00/NSGA1_000/DES_00040,,1,03_OPT/00/NSGA1_000/DES_00040,
0.4733333333,0.5833333333,0.5270588235,0.5176470588,0.5407843137,0.5694117647,0.1219607843,2.611764706,0.3262745098,0.5247058824,0.8888235294,0.3474509804,0.622745098,1.223529412,0.6672941176,0.1360784314,0.8833333333,0.8537254902,,0.6037685,1.110925,NSGA_TANDEM/gen001/03_OPT/00/NSGA1_000/DES_00041,,1,03_OPT/00/NSGA1_000/DES_00041,
0.4366666667,0.4866666667,0.4917647059,0.4862745098,0.4501960784,0.5976470588,0.1408235294,9.2,0.4956862745,0.5121568627,0.9082352941,0.3458823529,0.6258823529,1.6,0.6856470588,0.1549019608,0.9049019608,0.7996078431,,1.027587,1.567599,NSGA_TANDEM/gen001/03_OPT/00/NSGA1_000/DES_00044,,1,03_OPT/00/NSGA1_000/DES_00044,
0.4533333333,0.4933333333,0.4964705882,0.462745098,0.628627451,0.5152941176,0.130627451,2.776470588,0.5239215686,0.4933333333,0.8888235294,0.3396078431,0.6070588235,1.450980392,0.6545882353,0.1419607843,0.918627451,0.7964705882,,0.6219634,1.096868,NSGA_TANDEM/gen001/03_OPT/00/NSGA1_000/DES_00045,,1,03_OPT/00/NSGA1_000/DES_00045,
0.2066666667,0.4166666667,0.4635294118,0.4345098039,0.4282352941,0.5529411765,0.130627451,-1.505882353,0.4674509804,0.5011764706,0.9,0.3184313725,0.6290196078,1.184313725,0.7294117647,0.1529411765,0.8833333333,0.8003921569,,0.8480967,1.035697,NSGA_TANDEM/gen001/03_OPT/00/NSGA1_000/DES_00046,,1,03_OPT/00/NSGA1_000/DES_00046,
0.3633333333,0.6733333333,0.4235294118,0.4847058824,0.4090196078,0.5341176471,0.1336862745,-7.105882353,0.4674509804,0.5356862745,0.91,0.3419607843,0.6494117647,1.11372549,0.6757647059,0.131372549,0.9137254902,0.8098039216,,1.096448,1.439208,NSGA_TANDEM/gen001/03_OPT/00/NSGA1_000/DES_00049,,1,03_OPT/00/NSGA1_000/DES_00049,
0.3333333333,0.45,0.5011764706,0.5003921569,0.5105882353,0.5505882353,0.1301176471,5.082352941,0.4988235294,0.4996078431,0.8905882353,0.3498039216,0.6196078431,1.349019608,0.6785882353,0.1498039216,0.9098039216,0.8098039216,,0.5693953,1.041416,NSGA_TANDEM/gen001/03_OPT/00/NSGA1_000/DES_00050,,1,03_OPT/00/NSGA1_000/DES_00050,
0.2933333333,0.4066666667,0.5905882353,0.4376470588,0.4584313725,0.5529411765,0.1352156863,4.752941176,0.5396078431,0.4776470588,0.8917647059,0.3709803922,0.6062745098,1.521568627,0.6461176471,0.1301960784,0.918627451,0.7988235294,,0.4390724,0.9647972,NSGA_TANDEM/gen001/03_OPT/00/NSGA1_000/DES_00051,,1,03_OPT/00/NSGA1_000/DES_00051,
0.6,0.3566666667,0.5670588235,0.4674509804,0.3596078431,0.5341176471,0.1183921569,1.788235294,0.3733333333,0.5121568627,0.9105882353,0.3756862745,0.6447058824,1.317647059,0.6545882353,0.171372549,0.9068627451,0.78,,0.2346484,0.2602347,NSGA_TANDEM/gen001/03_OPT/00/NSGA1_000/DES_00052,,1,03_OPT/00/NSGA1_000/DES_00052,
0.4,0.64,0.5929411765,0.4909803922,0.5737254902,0.5788235294,0.1178823529,1.623529412,0.1537254902,0.5419607843,0.8823529412,0.3482352941,0.6164705882,0.9725490196,0.6927058824,0.1380392157,0.8901960784,0.8043137255,,0.3540979,0.586358,NSGA_TANDEM/gen001/03_OPT/00/NSGA1_000/DES_00053,,1,03_OPT/00/NSGA1_000/DES_00053,
0.4133333333,0.7266666667,0.5035294118,0.5019607843,0.5764705882,0.4964705882,0.1357254902,6.235294118,0.2823529412,0.5043137255,0.8864705882,0.3419607843,0.6235294118,1.184313725,0.6122352941,0.1184313725,0.8960784314,0.828627451,,1.315335,1.920212,NSGA_TANDEM/gen001/03_OPT/00/NSGA1_000/DES_00054,,1,03_OPT/00/NSGA1_000/DES_00054,
0.2033333333,0.3066666667,0.3741176471,0.4282352941,0.3239215686,0.5623529412,0.1321568627,-5.788235294,0.5239215686,0.4729411765,0.8847058824,0.3207843137,0.6305882353,1.28627451,0.7830588235,0.1552941176,0.8676470588,0.8098039216,,0.9192527,1.025975,NSGA_TANDEM/gen001/03_OPT/00/NSGA1_000/DES_00055,,1,03_OPT/00/NSGA1_000/DES_00055,
0.3433333333,0.4566666667,0.5788235294,0.577254902,0.6066666667,0.5552941176,0.1316470588,-2.0,0.6117647059,0.4603921569,0.8564705882,0.3474509804,0.6133333333,1.521568627,0.6602352941,0.1847058824,0.8892156863,0.8231372549,,1.26389,1.759005,NSGA_TANDEM/gen001/03_OPT/00/NSGA1_000/DES_00056,,1,03_OPT/00/NSGA1_000/DES_00056,
0.4366666667,0.23,0.3905882353,0.5584313725,0.4996078431,0.5552941176,0.1229803922,-0.6823529412,0.5709803922,0.4964705882,0.8752941176,0.3490196078,0.6203921569,1.035294118,0.7167058824,0.1545098039,0.8823529412,0.8160784314,,0.2968647,0.5231936,NSGA_TANDEM/gen001/03_OPT/00/NSGA1_000/DES_00058,,1,03_OPT/00/NSGA1_000/DES_00058,
0.1766666667,0.7033333333,0.56,0.5003921569,0.5709803922,0.5152941176,0.117372549,8.047058824,0.5678431373,0.5309803922,0.9017647059,0.3552941176,0.6298039216,1.325490196,0.6941176471,0.1749019608,0.9362745098,0.8074509804,,0.2776612,0.7742171,NSGA_TANDEM/gen001/03_OPT/00/NSGA1_000/DES_00059,,1,03_OPT/00/NSGA1_000/DES_00059,
0.5566666667,0.34,0.5670588235,0.4031372549,0.4035294118,0.5082352941,0.1285882353,9.529411765,0.4360784314,0.4901960784,0.9011764706,0.3945098039,0.6352941176,1.003921569,0.6475294118,0.1596078431,0.8725490196,0.7996078431,,0.5825062,0.6926211,NSGA_TANDEM/gen001/03_OPT/00/NSGA1_000/DES_00060,,1,03_OPT/00/NSGA1_000/DES_00060,
0.4966666667,0.3866666667,0.5082352941,0.48,0.4254901961,0.5929411765,0.1102352941,11.01176471,0.5082352941,0.4698039216,0.8858823529,0.3458823529,0.6352941176,1.333333333,0.6687058824,0.1356862745,0.9196078431,0.7752941176,,-0.5584906,-0.6774019,NSGA_TANDEM/gen001/03_OPT/00/NSGA1_000/DES_00062,,1,03_OPT/00/NSGA1_000/DES_00062,
0.29,0.5733333333,0.5811764706,0.4721568627,0.3458823529,0.52,0.1352156863,-0.8470588235,0.542745098,0.4870588235,0.8882352941,0.3309803922,0.6031372549,1.411764706,0.6221176471,0.1411764706,0.9049019608,0.8058823529,,1.105843,1.505284,NSGA_TANDEM/gen001/03_OPT/00/NSGA1_000/DES_00063,,1,03_OPT/00/NSGA1_000/DES_00063,
0.4233333333,0.49,0.5176470588,0.542745098,0.5819607843,0.5647058824,0.117372549,-4.470588235,0.4360784314,0.4462745098,0.8752941176,0.3278431373,0.6133333333,1.090196078,0.7082352941,0.1498039216,0.9156862745,0.8278431373,,-0.1468754,0.3263005,NSGA_TANDEM/gen001/03_OPT/00/NSGA1_000/DES_00064,,1,03_OPT/00/NSGA1_000/DES_00064,
0.4133333333,0.4833333333,0.4917647059,0.4988235294,0.4996078431,0.5105882353,0.1449019608,6.235294118,0.5835294118,0.3992156863,0.8952941176,0.3521568627,0.6054901961,1.184313725,0.6037647059,0.14,0.8598039216,0.8152941176,,1.355963,1.77619,NSGA_TANDEM/gen001/03_OPT/00/NSGA1_000/DES_00065,,1,03_OPT/00/NSGA1_000/DES_00065,
0.2066666667,0.2966666667,0.5035294118,0.4862745098,0.4282352941,0.5929411765,0.110745098,1.952941176,0.6494117647,0.502745098,0.9041176471,0.3498039216,0.6062745098,1.325490196,0.6065882353,0.1545098039,0.9382352941,0.8105882353,,-0.7011116,-0.2881373,NSGA_TANDEM/gen001/03_OPT/00/NSGA1_000/DES_00066,,1,03_OPT/00/NSGA1_000/DES_00066,
0.2666666667,0.2933333333,0.3952941176,0.4392156863,0.422745098,0.5176470588,0.1178823529,-8.917647059,0.417254902,0.4792156863,0.9123529412,0.3490196078,0.6454901961,1.019607843,0.7251764706,0.1450980392,0.9078431373,0.762745098,,-0.05191978,-0.4182186,NSGA_TANDEM/gen001/03_OPT/00/NSGA1_000/DES_00068,,1,03_OPT/00/NSGA1_000/DES_00068,
0.4566666667,0.3766666667,0.5129411765,0.5694117647,0.4611764706,0.4847058824,0.1285882353,-2.823529412,0.5615686275,0.408627451,0.8847058824,0.3239215686,0.6509803922,1.160784314,0.5938823529,0.1682352941,0.9382352941,0.8317647059,,0.2836847,0.701781,NSGA_TANDEM/gen001/03_OPT/00/NSGA1_000/DES_00069,,1,03_OPT/00/NSGA1_000/DES_00069,
0.5166666667,0.3433333333,0.4917647059,0.5647058824,0.3815686275,0.5647058824,0.1377647059,8.376470588,0.4737254902,0.4745098039,0.9011764706,0.368627451,0.657254902,0.9647058824,0.6842352941,0.1729411765,0.912745098,0.8121568627,,0.7388609,1.089352,NSGA_TANDEM/gen001/03_OPT/00/NSGA1_000/DES_00070,,1,03_OPT/00/NSGA1_000/DES_00070,
0.5633333333,0.4466666667,0.5835294118,0.4658823529,0.6450980392,0.56,0.1413333333,-0.6823529412,0.5396078431,0.4321568627,0.9070588235,0.3505882353,0.6321568627,0.9019607843,0.6927058824,0.1643137255,0.9196078431,0.7956862745,,0.7871966,1.058999,NSGA_TANDEM/gen001/03_OPT/00/NSGA1_000/DES_00071,,1,03_OPT/00/NSGA1_000/DES_00071,
0.19,0.3933333333,0.48,0.542745098,0.4831372549,0.5294117647,0.1245098039,3.764705882,0.4643137255,0.52,0.8894117647,0.3435294118,0.6431372549,1.419607843,0.6461176471,0.1490196078,0.931372549,0.7925490196,,0.2751768,0.6846484,NSGA_TANDEM/gen001/03_OPT/00/NSGA1_000/DES_00072,,1,03_OPT/00/NSGA1_000/DES_00072,
0.43,0.5866666667,0.5247058824,0.4329411765,0.5270588235,0.5670588235,0.1020784314,5.741176471,0.1129411765,0.5043137255,0.8929411765,0.3184313725,0.6180392157,1.309803922,0.6687058824,0.1541176471,0.8921568627,0.8341176471,,-0.3521751,0.0262371,NSGA_TANDEM/gen001/03_OPT/00/NSGA1_000/DES_00073,,1,03_OPT/00/NSGA1_000/DES_00073,
0.4633333333,0.48,0.5647058824,0.4768627451,0.3623529412,0.5717647059,0.1301176471,5.082352941,0.4549019608,0.4823529412,0.9317647059,0.3278431373,0.6478431373,1.411764706,0.6828235294,0.1690196078,0.8990196078,0.7949019608,,0.7014249,0.9031335,NSGA_TANDEM/gen001/03_OPT/00/NSGA1_000/DES_00074,,1,03_OPT/00/NSGA1_000/DES_00074,
0.31,0.43,0.4070588235,0.4705882353,0.3815686275,0.5317647059,0.1311372549,10.84705882,0.4862745098,0.471372549,0.8905882353,0.3615686275,0.6525490196,1.254901961,0.6856470588,0.1466666667,0.887254902,0.802745098,,0.5637678,0.7371527,NSGA_TANDEM/gen001/03_OPT/00/NSGA1_000/DES_00076,,1,03_OPT/00/NSGA1_000/DES_00076,
0.3566666667,0.2733333333,0.3741176471,0.4282352941,0.4309803922,0.5811764706,0.1357254902,-5.129411765,0.4454901961,0.5498039216,0.8788235294,0.3466666667,0.6674509804,0.8,0.6630588235,0.1588235294,0.8862745098,0.8380392157,,0.8526932,1.148716,NSGA_TANDEM/gen001/03_OPT/00/NSGA1_000/DES_00078,,1,03_OPT/00/NSGA1_000/DES_00078,
0.37,0.5233333333,0.4705882353,0.6101960784,0.5764705882,0.5976470588,0.1260392157,9.2,0.5145098039,0.5325490196,0.8947058824,0.3450980392,0.6431372549,1.450980392,0.5543529412,0.16,0.9088235294,0.8082352941,,0.122854,0.8283283,NSGA_TANDEM/gen001/03_OPT/00/NSGA1_000/DES_00079,,1,03_OPT/00/NSGA1_000/DES_00079,
0.4566666667,0.3866666667,0.3105882353,0.4831372549,0.4501960784,0.5647058824,0.1194117647,10.51764706,0.3890196078,0.5011764706,0.8811764706,0.3874509804,0.6298039216,1.443137255,0.704,0.168627451,0.8823529412,0.8121568627,,0.276365,0.6043736,NSGA_TANDEM/gen001/03_OPT/00/NSGA1_000/DES_00080,,1,03_OPT/00/NSGA1_000/DES_00080,
0.2933333333,0.5766666667,0.4941176471,0.4517647059,0.4803921569,0.4776470588,0.1153333333,0.3058823529,0.3921568627,0.5576470588,0.9023529412,0.3529411765,0.6039215686,1.411764706,0.7096470588,0.1611764706,0.9225490196,0.828627451,,0.6947368,1.222329,NSGA_TANDEM/gen001/03_OPT/00/NSGA1_000/DES_00081,,1,03_OPT/00/NSGA1_000/DES_00081,
0.22,0.5033333333,0.5552941176,0.4250980392,0.3870588235,0.5152941176,0.1224705882,-3.976470588,0.4862745098,0.5090196078,0.8929411765,0.3474509804,0.6101960784,0.9490196078,0.7322352941,0.1635294118,0.887254902,0.7431372549,,0.4342649,0.2274421,NSGA_TANDEM/gen001/03_OPT/00/NSGA1_000/DES_00084,,1,03_OPT/00/NSGA1_000/DES_00084,
0.49,0.6466666667,0.52,0.6007843137,0.5105882353,0.4964705882,0.1285882353,3.764705882,0.5615686275,0.4133333333,0.9141176471,0.3411764706,0.6149019608,1.37254902,0.6235294118,0.1690196078,0.9294117647,0.8239215686,,0.5398483,1.164116,NSGA_TANDEM/gen001/03_OPT/00/NSGA1_000/DES_00085,,1,03_OPT/00/NSGA1_000/DES_00085,
0.4333333333,0.5666666667,0.3929411765,0.5364705882,0.5325490196,0.5623529412,0.1290980392,1.788235294,0.2603921569,0.5074509804,0.8888235294,0.3388235294,0.6188235294,1.074509804,0.7025882353,0.1247058824,0.8931372549,0.8349019608,,0.6874525,1.184072,NSGA_TANDEM/gen001/03_OPT/00/NSGA1_000/DES_00086,,1,03_OPT/00/NSGA1_000/DES_00086,
0.2733333333,0.38,0.5623529412,0.4988235294,0.4145098039,0.44,0.1234901961,2.776470588,0.6211764706,0.4321568627,0.9217647059,0.3349019608,0.6235294118,1.403921569,0.6277647059,0.162745098,0.8833333333,0.8294117647,,0.8336606,1.182526,NSGA_TANDEM/gen001/03_OPT/00/NSGA1_000/DES_00088,,1,03_OPT/00/NSGA1_000/DES_00088,
0.5166666667,0.49,0.5482352941,0.4470588235,0.5188235294,0.3858823529,0.1020784314,0.8,0.4360784314,0.3239215686,0.8829411765,0.328627451,0.6235294118,1.458823529,0.6912941176,0.1309803922,0.9088235294,0.7956862745,,-0.4156631,-0.3583143,NSGA_TANDEM/gen001/03_OPT/00/NSGA1_000/DES_00089,,1,03_OPT/00/NSGA1_000/DES_00089,
0.5466666667,0.84,0.4870588235,0.4392156863,0.6725490196,0.5764705882,0.1117647059,2.117647059,0.1035294118,0.5090196078,0.8888235294,0.2956862745,0.6250980392,1.035294118,0.6461176471,0.1298039216,0.887254902,0.8294117647,,-0.0445678,0.394085,NSGA_TANDEM/gen001/03_OPT/00/NSGA1_000/DES_00091,,1,03_OPT/00/NSGA1_000/DES_00091,
0.55,0.45,0.5129411765,0.542745098,0.3925490196,0.5576470588,0.130627451,9.858823529,0.671372549,0.5137254902,0.8858823529,0.3803921569,0.6360784314,1.129411765,0.7336470588,0.1603921569,0.9235294118,0.8019607843,,0.4982737,0.8335617,NSGA_TANDEM/gen001/03_OPT/00/NSGA1_000/DES_00092,,1,03_OPT/00/NSGA1_000/DES_00092,
0.27,0.38,0.4235294118,0.4266666667,0.5243137255,0.5247058824,0.1138039216,5.741176471,0.2760784314,0.5356862745,0.9258823529,0.3223529412,0.6243137255,1.019607843,0.6178823529,0.1701960784,0.9078431373,0.8011764706,,-0.01794353,0.1444026,NSGA_TANDEM/gen001/03_OPT/00/NSGA1_000/DES_00094,,1,03_OPT/00/NSGA1_000/DES_00094,
0.4633333333,0.4266666667,0.5435294118,0.4345098039,0.5792156863,0.5317647059,0.1158431373,8.870588235,0.2196078431,0.502745098,0.9082352941,0.3247058824,0.6054901961,1.176470588,0.6785882353,0.1545098039,0.9117647059,0.8278431373,,-0.1025085,0.4000114,NSGA_TANDEM/gen001/03_OPT/00/NSGA1_000/DES_00095,,1,03_OPT/00/NSGA1_000/DES_00095,
0.4233333333,0.6233333333,0.5247058824,0.5490196078,0.491372549,0.5811764706,0.1138039216,2.282352941,0.4329411765,0.4603921569,0.9017647059,0.342745098,0.6164705882,1.341176471,0.6235294118,0.1901960784,0.881372549,0.8349019608,,0.2426486,0.614974,NSGA_TANDEM/gen001/03_OPT/00/NSGA1_000/DES_00096,,1,03_OPT/00/NSGA1_000/DES_00096,
0.5366666667,0.3566666667,0.5717647059,0.4564705882,0.4090196078,0.56,0.1158431373,8.541176471,0.5458823529,0.4760784314,0.9082352941,0.3756862745,0.6533333333,0.7921568627,0.6263529412,0.1764705882,0.9117647059,0.8215686275,,-0.2845947,-0.03783889,NSGA_TANDEM/gen001/03_OPT/00/NSGA1_000/DES_00098,,1,03_OPT/00/NSGA1_000/DES_00098,
0.5866666667,0.17,0.5929411765,0.4250980392,0.5517647059,0.5929411765,0.1285882353,4.588235294,0.5082352941,0.457254902,0.8947058824,0.3615686275,0.6219607843,1.262745098,0.6997647059,0.1611764706,0.9068627451,0.8098039216,,0.09527283,0.4267737,NSGA_TANDEM/gen001/03_OPT/00/NSGA1_000/DES_00099,,1,03_OPT/00/NSGA1_000/DES_00099,
0.3166666667,0.4033333333,0.5576470588,0.528627451,0.2498039216,0.5388235294,0.1489803922,4.258823529,0.5333333333,0.5403921569,0.9170588235,0.3082352941,0.6149019608,1.42745098,0.6432941176,0.1403921569,0.9450980392,0.757254902,,0.8678523,1.008103,NSGA_TANDEM/gen001/03_OPT/00/NSGA1_000/DES_00100,,1,03_OPT/00/NSGA1_000/DES_00100,
0.5633333333,0.4466666667,0.5835294118,0.4643137255,0.6450980392,0.56,0.1413333333,-0.6823529412,0.5396078431,0.4321568627,0.8982352941,0.3505882353,0.6196078431,0.9019607843,0.6644705882,0.1533333333,0.9196078431,0.7956862745,,0.5694282,0.8638192,NSGA_TANDEM/gen001/03_OPT/00/NSGA1_000/DES_00101,,1,03_OPT/00/NSGA1_000/DES_00101,
0.3266666667,0.4333333333,0.5035294118,0.4705882353,0.5215686275,0.5388235294,0.1362352941,5.082352941,0.5458823529,0.4854901961,0.8847058824,0.3466666667,0.6243137255,1.325490196,0.6249411765,0.1647058824,0.9117647059,0.8349019608,,0.9354829,1.534909,NSGA_TANDEM/gen001/03_OPT/00/NSGA1_000/DES_00103,,1,03_OPT/00/NSGA1_000/DES_00103,
0.4466666667,0.3433333333,0.4447058824,0.4737254902,0.4611764706,0.5152941176,0.1285882353,4.588235294,0.6588235294,0.4870588235,0.8882352941,0.36,0.6196078431,1.215686275,0.6390588235,0.1698039216,0.9088235294,0.8215686275,,0.4971308,0.8998353,NSGA_TANDEM/gen001/03_OPT/00/NSGA1_000/DES_00104,,1,03_OPT/00/NSGA1_000/DES_00104,
0.5033333333,0.3566666667,0.4705882353,0.4847058824,0.2745098039,0.4423529412,0.1194117647,1.623529412,0.4674509804,0.5482352941,0.8976470588,0.3631372549,0.6462745098,1.262745098,0.7025882353,0.1529411765,0.9225490196,0.7368627451,,0.2610232,-0.09701024,NSGA_TANDEM/gen001/03_OPT/00/NSGA1_000/DES_00106,,1,03_OPT/00/NSGA1_000/DES_00106,
0.3233333333,0.4,0.5105882353,0.5364705882,0.2717647059,0.4988235294,0.1316470588,-0.8470588235,0.6650980392,0.4368627451,0.9223529412,0.3529411765,0.6094117647,1.215686275,0.6235294118,0.1419607843,0.9294117647,0.8043137255,,0.3287474,0.5830888,NSGA_TANDEM/gen001/03_OPT/00/NSGA1_000/DES_00109,,1,03_OPT/00/NSGA1_000/DES_00109,
0.68,0.1666666667,0.5317647059,0.4360784314,0.5792156863,0.4541176471,0.1270588235,5.576470588,0.6462745098,0.4823529412,0.9047058824,0.3356862745,0.6235294118,1.435294118,0.6517647059,0.1682352941,0.9009803922,0.8247058824,,0.6634766,1.113694,NSGA_TANDEM/gen001/03_OPT/00/NSGA1_000/DES_00110,,1,03_OPT/00/NSGA1_000/DES_00110,
0.6266666667,0.3633333333,0.5458823529,0.4407843137,0.3898039216,0.5929411765,0.1245098039,4.258823529,0.5364705882,0.5356862745,0.94,0.3898039216,0.6298039216,0.7764705882,0.6503529412,0.1792156863,0.937254902,0.8254901961,,0.04843944,0.5177919,NSGA_TANDEM/gen001/03_OPT/00/NSGA1_000/DES_00113,,1,03_OPT/00/NSGA1_000/DES_00113,
0.59,0.48,0.5435294118,0.4250980392,0.3870588235,0.5670588235,0.1296078431,5.082352941,0.4956862745,0.4603921569,0.9058823529,0.3905882353,0.6290196078,0.8862745098,0.6983529412,0.1541176471,0.8715686275,0.8294117647,,0.6265907,0.8145307,NSGA_TANDEM/gen001/03_OPT/00/NSGA1_000/DES_00114,,1,03_OPT/00/NSGA1_000/DES_00114,
0.62,0.48,0.5505882353,0.4831372549,0.6039215686,0.5435294118,0.1163529412,-0.6823529412,0.5521568627,0.4054901961,0.9170588235,0.3505882353,0.662745098,1.145098039,0.6574117647,0.1588235294,0.9019607843,0.8341176471,,-0.1245402,0.2834898,NSGA_TANDEM/gen001/03_OPT/00/NSGA1_000/DES_00115,,1,03_OPT/00/NSGA1_000/DES_00115,
0.34,0.4566666667,0.4988235294,0.5819607843,0.4749019608,0.5411764706,0.1443921569,2.447058824,0.6274509804,0.4133333333,0.8711764706,0.3074509804,0.6619607843,0.9960784314,0.6249411765,0.1384313725,0.9049019608,0.7556862745,,0.425054,0.2657596,NSGA_TANDEM/gen001/03_OPT/00/NSGA1_000/DES_00116,,1,03_OPT/00/NSGA1_000/DES_00116,
0.46,0.5033333333,0.4941176471,0.4894117647,0.4309803922,0.5647058824,0.1148235294,4.258823529,0.511372549,0.502745098,0.9147058824,0.3647058824,0.6054901961,0.8392156863,0.752,0.1439215686,0.9019607843,0.8254901961,,-0.05595681,0.1853391,NSGA_TANDEM/gen001/03_OPT/00/NSGA1_000/DES_00117,,1,03_OPT/00/NSGA1_000/DES_00117,
0.6133333333,0.2866666667,0.5341176471,0.4266666667,0.5517647059,0.5741176471,0.1459215686,9.2,0.6243137255,0.4149019608,0.9141176471,0.3780392157,0.6101960784,1.741176471,0.7604705882,0.1521568627,0.9362745098,0.8058823529,,0.7328906,1.258679,NSGA_TANDEM/gen001/03_OPT/00/NSGA1_000/DES_00118,,1,03_OPT/00/NSGA1_000/DES_00118,
0.3833333333,0.4566666667,0.5270588235,0.4345098039,0.4721568627,0.4705882353,0.111254902,4.588235294,0.3262745098,0.52,0.9,0.3215686275,0.6180392157,1.239215686,0.7336470588,0.1568627451,0.9107843137,0.7784313725,,0.1077463,0.04842968,NSGA_TANDEM/gen001/03_OPT/00/NSGA1_000/DES_00119,,1,03_OPT/00/NSGA1_000/DES_00119,
0.1966666667,0.3433333333,0.5247058824,0.4894117647,0.4117647059,0.4094117647,0.1250196078,-3.811764706,0.7090196078,0.4007843137,0.9529411765,0.337254902,0.6556862745,1.474509804,0.6348235294,0.1509803922,0.9058823529,0.8082352941,,0.6258255,0.8859239,NSGA_TANDEM/gen001/03_OPT/00/NSGA1_000/DES_00120,,1,03_OPT/00/NSGA1_000/DES_00120,
0.3866666667,0.4466666667,0.5952941176,0.4062745098,0.348627451,0.4870588235,0.117372549,-1.341176471,0.3733333333,0.4541176471,0.9458823529,0.337254902,0.657254902,1.450980392,0.6150588235,0.1576470588,0.9254901961,0.8035294118,,0.05502176,0.3392115,NSGA_TANDEM/gen001/03_OPT/00/NSGA1_000/DES_00121,,1,03_OPT/00/NSGA1_000/DES_00121,
0.2166666667,0.1966666667,0.3552941176,0.4894117647,0.3705882353,0.5176470588,0.1143137255,-3.152941176,0.4454901961,0.5247058824,0.9235294118,0.3349019608,0.6611764706,1.262745098,0.6616470588,0.1407843137,0.9078431373,0.7839215686,,-0.1202185,-0.09086646,NSGA_TANDEM/gen001/03_OPT/00/NSGA1_000/DES_00123,,1,03_OPT/00/NSGA1_000/DES_00123,
0.3066666667,0.41,0.5623529412,0.4988235294,0.5050980392,0.5294117647,0.1143137255,-0.5176470588,0.4831372549,0.4525490196,0.9135294118,0.3349019608,0.6282352941,1.207843137,0.6136470588,0.1654901961,0.8715686275,0.8325490196,,0.1858205,0.5726316,NSGA_TANDEM/gen001/03_OPT/00/NSGA1_000/DES_00124,,1,03_OPT/00/NSGA1_000/DES_00124,
0.4466666667,0.3733333333,0.4564705882,0.5160784314,0.4776470588,0.3952941176,0.1132941176,0.1411764706,0.5019607843,0.568627451,0.8870588235,0.2705882353,0.6470588235,1.6,0.6531764706,0.1501960784,0.9137254902,0.8066666667,,0.4923564,0.8561409,NSGA_TANDEM/gen001/03_OPT/00/NSGA1_000/DES_00125,,1,03_OPT/00/NSGA1_000/DES_00125,
0.2733333333,0.44,0.5011764706,0.4674509804,0.4282352941,0.4470588235,0.1097254902,5.905882353,0.608627451,0.4541176471,0.9258823529,0.3552941176,0.6258823529,1.231372549,0.5952941176,0.1623529412,0.8852941176,0.8435294118,,-0.01388854,0.2920142,NSGA_TANDEM/gen001/03_OPT/00/NSGA1_000/DES_00126,,1,03_OPT/00/NSGA1_000/DES_00126,
0.5633333333,0.5033333333,0.5388235294,0.4737254902,0.5874509804,0.5411764706,0.1163529412,-2.164705882,0.5145098039,0.4007843137,0.8858823529,0.3835294118,0.6298039216,1.019607843,0.6912941176,0.1607843137,0.9450980392,0.7949019608,,-0.3182431,-0.136615,NSGA_TANDEM/gen001/03_OPT/00/NSGA1_000/DES_00127,,1,03_OPT/00/NSGA1_000/DES_00127,
0.5166666667,0.3766666667,0.4988235294,0.4878431373,0.5819607843,0.5858823529,0.1403137255,10.35294118,0.6337254902,0.4901960784,0.8970588235,0.3623529412,0.6784313725,0.431372549,0.5952941176,0.1658823529,0.9431372549,0.7980392157,,0.01191378,0.257851,NSGA_TANDEM/gen001/03_OPT/00/NSGA1_000/DES_00129,,1,03_OPT/00/NSGA1_000/DES_00129,
0.2033333333,0.22,0.4494117647,0.4282352941,0.4090196078,0.5858823529,0.110745098,5.247058824,0.6337254902,0.5419607843,0.9229411765,0.3301960784,0.6219607843,1.043137255,0.6023529412,0.16,0.9137254902,0.8223529412,,-0.5615321,-0.2406687,NSGA_TANDEM/gen001/03_OPT/00/NSGA1_000/DES_00130,,1,03_OPT/00/NSGA1_000/DES_00130,
0.33,0.35,0.3905882353,0.6196078431,0.4337254902,0.4964705882,0.1081960784,1.129411765,0.5145098039,0.4619607843,0.8841176471,0.3058823529,0.6266666667,1.364705882,0.5938823529,0.182745098,0.9088235294,0.8160784314,,-0.2460801,0.1381676,NSGA_TANDEM/gen001/03_OPT/00/NSGA1_000/DES_00133,,1,03_OPT/00/NSGA1_000/DES_00133,
0.2133333333,0.3233333333,0.4117647059,0.4862745098,0.4364705882,0.4682352941,0.1311372549,8.047058824,0.6149019608,0.4745098039,0.8752941176,0.3458823529,0.6290196078,1.098039216,0.6418823529,0.1588235294,0.9323529412,0.7784313725,,0.2760883,0.2067848,NSGA_TANDEM/gen001/03_OPT/00/NSGA1_000/DES_00134,,1,03_OPT/00/NSGA1_000/DES_00134,
0.6133333333,0.4266666667,0.5388235294,0.4643137255,0.4007843137,0.5670588235,0.1234901961,3.105882353,0.4015686275,0.4682352941,0.8894117647,0.3843137255,0.6196078431,1.435294118,0.6221176471,0.1831372549,0.9088235294,0.78,,0.2455777,0.331306,NSGA_TANDEM/gen001/03_OPT/00/NSGA1_000/DES_00135,,1,03_OPT/00/NSGA1_000/DES_00135,
0.5633333333,0.3566666667,0.5670588235,0.4737254902,0.4529411765,0.5082352941,0.124,0.8,0.4988235294,0.5670588235,0.9029411765,0.382745098,0.7058823529,0.7058823529,0.584,0.1752941176,0.931372549,0.7862745098,,0.3456848,0.360149,NSGA_TANDEM/gen001/03_OPT/00/NSGA1_000/DES_00136,,1,03_OPT/00/NSGA1_000/DES_00136,
0.2833333333,0.3233333333,0.3694117647,0.5568627451,0.4282352941,0.5341176471,0.1209411765,-5.952941176,0.48,0.52,0.8923529412,0.3035294118,0.6101960784,0.9647058824,0.704,0.14,0.9421568627,0.7203921569,,-0.08124188,-0.5735923,NSGA_TANDEM/gen001/03_OPT/00/NSGA1_000/DES_00137,,1,03_OPT/00/NSGA1_000/DES_00137,
0.5866666667,0.3966666667,0.5294117647,0.4188235294,0.3376470588,0.4705882353,0.1234901961,5.741176471,0.5333333333,0.4996078431,0.9052941176,0.3717647059,0.6070588235,1.003921569,0.6545882353,0.1694117647,0.9,0.7964705882,,0.5068975,0.5303524,NSGA_TANDEM/gen001/03_OPT/00/NSGA1_000/DES_00139,,1,03_OPT/00/NSGA1_000/DES_00139,
0.48,0.2266666667,0.5811764706,0.4988235294,0.4529411765,0.4988235294,0.1051372549,10.18823529,0.3984313725,0.4494117647,0.9323529412,0.3811764706,0.6290196078,0.4705882353,0.5712941176,0.1807843137,0.9274509804,0.8309803922,,-0.6694681,-0.465126,NSGA_TANDEM/gen001/03_OPT/00/NSGA1_000/DES_00140,,1,03_OPT/00/NSGA1_000/DES_00140,
0.48,0.36,0.5270588235,0.5380392157,0.3623529412,0.56,0.09698039216,2.941176471,0.5050980392,0.4478431373,0.93,0.2901960784,0.6180392157,1.670588235,0.68,0.1670588235,0.9068627451,0.78,,-0.5215474,-0.6313934,NSGA_TANDEM/gen001/03_OPT/00/NSGA1_000/DES_00141,,1,03_OPT/00/NSGA1_000/DES_00141,
0.4966666667,0.5966666667,0.5623529412,0.4564705882,0.491372549,0.5011764706,0.09392156863,-5.952941176,0.09411764706,0.551372549,0.8747058824,0.351372549,0.6062745098,1.129411765,0.6221176471,0.1490196078,0.9098039216,0.8333333333,,-0.5116089,-0.009799079,NSGA_TANDEM/gen001/03_OPT/00/NSGA1_000/DES_00142,,1,03_OPT/00/NSGA1_000/DES_00142,
0.3366666667,0.2933333333,0.5247058824,0.4517647059,0.4858823529,0.5270588235,0.1214509804,6.894117647,0.5458823529,0.4760784314,0.8929411765,0.3592156863,0.6384313725,1.419607843,0.6207058824,0.1576470588,0.9284313725,0.8215686275,,-0.1815793,0.384847,NSGA_TANDEM/gen001/03_OPT/00/NSGA1_000/DES_00144,,1,03_OPT/00/NSGA1_000/DES_00144,
0.51,0.5666666667,0.5435294118,0.4094117647,0.5435294118,0.4211764706,0.1234901961,6.894117647,0.3890196078,0.3709803922,0.9094117647,0.2917647059,0.6149019608,1.176470588,0.7138823529,0.1074509804,0.9176470588,0.7909803922,,-0.0747817,0.000673891,NSGA_TANDEM/gen001/03_OPT/00/NSGA1_000/DES_00145,,1,03_OPT/00/NSGA1_000/DES_00145,
0.2533333333,0.27,0.3741176471,0.4533333333,0.4337254902,0.5458823529,0.1051372549,5.741176471,0.2321568627,0.5843137255,0.9576470588,0.3474509804,0.6321568627,0.7843137255,0.5642352941,0.1592156863,0.9029411765,0.8239215686,,-0.4041225,-0.119503,NSGA_TANDEM/gen001/03_OPT/00/NSGA1_000/DES_00146,,1,03_OPT/00/NSGA1_000/DES_00146,
0.5833333333,0.2733333333,0.5270588235,0.4015686275,0.5105882353,0.5929411765,0.1413333333,6.729411765,0.417254902,0.4854901961,0.8905882353,0.3537254902,0.6564705882,1.207843137,0.7534117647,0.1741176471,0.9421568627,0.8192156863,,0.7014902,1.137259,NSGA_TANDEM/gen001/03_OPT/00/NSGA1_000/DES_00147,,1,03_OPT/00/NSGA1_000/DES_00147,
0.42,0.34,0.5576470588,0.5505882353,0.4721568627,0.56,0.09901960784,-5.952941176,0.4266666667,0.5294117647,0.8888235294,0.3356862745,0.6384313725,0.8784313725,0.7181176471,0.1333333333,0.9205882353,0.7329411765,,-0.2883415,-0.8060633,NSGA_TANDEM/gen001/03_OPT/00/NSGA1_000/DES_00148,,1,03_OPT/00/NSGA1_000/DES_00148,
0.5633333333,0.2466666667,0.4611764706,0.4690196078,0.5243137255,0.5952941176,0.1199215686,8.376470588,0.5239215686,0.4274509804,0.8764705882,0.3592156863,0.6164705882,1.498039216,0.6927058824,0.1498039216,0.8745098039,0.811372549,,-0.1390135,0.2029447,NSGA_TANDEM/gen001/03_OPT/00/NSGA1_000/DES_00150,,1,03_OPT/00/NSGA1_000/DES_00150,
0.3233333333,0.37,0.4117647059,0.431372549,0.5023529412,0.4588235294,0.1183921569,4.752941176,0.3262745098,0.5325490196,0.9447058824,0.3364705882,0.6180392157,1.137254902,0.5684705882,0.1862745098,0.9392156863,0.7847058824,,0.1983034,0.2737039,NSGA_TANDEM/gen001/03_OPT/00/NSGA1_000/DES_00152,,1,03_OPT/00/NSGA1_000/DES_00152,
0.4466666667,0.1533333333,0.5905882353,0.4737254902,0.6423529412,0.5035294118,0.1285882353,8.705882353,0.6149019608,0.4494117647,0.8994117647,0.3450980392,0.6596078431,1.388235294,0.7124705882,0.1764705882,0.8833333333,0.8137254902,,0.6609031,1.04623,NSGA_TANDEM/gen001/03_OPT/00/NSGA1_000/DES_00153,,1,03_OPT/00/NSGA1_000/DES_00153,
0.59,0.48,0.5435294118,0.4376470588,0.3870588235,0.5670588235,0.1296078431,3.270588235,0.4956862745,0.4603921569,0.9058823529,0.3764705882,0.6290196078,0.8941176471,0.6941176471,0.1541176471,0.8715686275,0.8294117647,,0.6315648,0.8324104,NSGA_TANDEM/gen001/03_OPT/00/NSGA1_000/DES_00154,,1,03_OPT/00/NSGA1_000/DES_00154,
0.2733333333,0.44,0.5011764706,0.4941176471,0.5078431373,0.4470588235,0.1097254902,5.905882353,0.577254902,0.4541176471,0.9258823529,0.3615686275,0.6258823529,1.231372549,0.6418823529,0.1623529412,0.8852941176,0.8435294118,,0.07806101,0.4161652,NSGA_TANDEM/gen001/03_OPT/00/NSGA1_000/DES_00155,,1,03_OPT/00/NSGA1_000/DES_00155,
0.4466666667,0.3466666667,0.4447058824,0.4737254902,0.4611764706,0.5247058824,0.1285882353,4.588235294,0.6588235294,0.4870588235,0.8882352941,0.3694117647,0.6196078431,1.215686275,0.6447058824,0.1698039216,0.9068627451,0.8215686275,,0.5041918,0.9058801,NSGA_TANDEM/gen001/03_OPT/00/NSGA1_000/DES_00156,,1,03_OPT/00/NSGA1_000/DES_00156,
0.3866666667,0.35,0.5458823529,0.4062745098,0.3541176471,0.4941176471,0.1214509804,1.788235294,0.2039215686,0.4792156863,0.9517647059,0.3576470588,0.64,1.654901961,0.5642352941,0.1776470588,0.9098039216,0.8184313725,,0.5342383,0.9755705,NSGA_TANDEM/gen001/03_OPT/00/NSGA1_000/DES_00157,,1,03_OPT/00/NSGA1_000/DES_00157,
0.1966666667,0.3766666667,0.5082352941,0.4847058824,0.5929411765,0.5152941176,0.1015686275,8.047058824,0.2792156863,0.4760784314,0.9229411765,0.3270588235,0.6266666667,1.011764706,0.6390588235,0.1705882353,0.9058823529,0.7949019608,,-0.421795,-0.4419691,NSGA_TANDEM/gen001/03_OPT/00/NSGA1_000/DES_00159,,1,03_OPT/00/NSGA1_000/DES_00159,
0.5766666667,0.3866666667,0.5411764706,0.5521568627,0.491372549,0.5835294118,0.1148235294,9.2,0.6462745098,0.537254902,0.88,0.36,0.6611764706,1.28627451,0.7082352941,0.1725490196,0.9352941176,0.8090196078,,-0.3224725,0.1511997,NSGA_TANDEM/gen001/03_OPT/00/NSGA1_000/DES_00160,,1,03_OPT/00/NSGA1_000/DES_00160,
0.4466666667,0.4166666667,0.5576470588,0.5380392157,0.5243137255,0.5082352941,0.1326666667,5.741176471,0.6274509804,0.408627451,0.8941176471,0.3262745098,0.6250980392,0.7529411765,0.6221176471,0.1270588235,0.8990196078,0.7407843137,,-0.03818517,-0.3538114,NSGA_TANDEM/gen001/03_OPT/00/NSGA1_000/DES_00161,,1,03_OPT/00/NSGA1_000/DES_00161,
0.1933333333,0.46,0.5247058824,0.4501960784,0.3705882353,0.3764705882,0.09749019608,-6.776470588,0.3796078431,0.5435294118,0.8817647059,0.3364705882,0.6196078431,1.058823529,0.7392941176,0.1721568627,0.8794117647,0.74,,0.1518183,-0.4952153,NSGA_TANDEM/gen001/03_OPT/00/NSGA1_000/DES_00162,,1,03_OPT/00/NSGA1_000/DES_00162,
0.48,0.5,0.4776470588,0.5270588235,0.282745098,0.4752941176,0.1326666667,8.870588235,0.577254902,0.4211764706,0.87,0.3474509804,0.6117647059,1.152941176,0.5712941176,0.1603921569,0.9294117647,0.7815686275,,0.2611992,0.2385737,NSGA_TANDEM/gen001/03_OPT/00/NSGA1_000/DES_00163,,1,03_OPT/00/NSGA1_000/DES_00163,
0.5966666667,0.2633333333,0.48,0.4784313725,0.4007843137,0.5623529412,0.1178823529,9.364705882,0.5145098039,0.457254902,0.9188235294,0.3796078431,0.6658823529,0.8705882353,0.6432941176,0.1792156863,0.9068627451,0.8270588235,,-0.2091968,0.05983467,NSGA_TANDEM/gen001/03_OPT/00/NSGA1_000/DES_00164,,1,03_OPT/00/NSGA1_000/DES_00164,
0.31,0.4366666667,0.3717647059,0.4298039216,0.6231372549,0.5670588235,0.1092156863,2.282352941,0.3262745098,0.5278431373,0.9411764706,0.3325490196,0.6533333333,1.301960784,0.6305882353,0.1709803922,0.9039215686,0.7901960784,,-0.1254454,0.05259423,NSGA_TANDEM/gen001/03_OPT/00/NSGA1_000/DES_00166,,1,03_OPT/00/NSGA1_000/DES_00166,
0.3233333333,0.56,0.5482352941,0.4360784314,0.3568627451,0.4070588235,0.111254902,-2.0,0.4768627451,0.44,0.9523529412,0.342745098,0.631372549,1.498039216,0.5402352941,0.1607843137,0.9470588235,0.7698039216,,-0.07916864,-0.1438489,NSGA_TANDEM/gen001/03_OPT/00/NSGA1_000/DES_00167,,1,03_OPT/00/NSGA1_000/DES_00167,
0.34,0.5466666667,0.4188235294,0.6039215686,0.4803921569,0.5623529412,0.1484705882,-4.470588235,0.6149019608,0.44,0.8535294118,0.2996078431,0.6588235294,0.8862745098,0.6178823529,0.1364705882,0.8774509804,0.7494117647,,0.6913509,0.7646027,NSGA_TANDEM/gen001/03_OPT/00/NSGA1_000/DES_00169,,1,03_OPT/00/NSGA1_000/DES_00169,
0.6,0.4133333333,0.4564705882,0.5364705882,0.351372549,0.5270588235,0.137254902,11.01176471,0.7341176471,0.5560784314,0.8711764706,0.3466666667,0.6250980392,1.043137255,0.7872941176,0.1541176471,0.9058823529,0.7760784314,,0.7945809,0.8173022,NSGA_TANDEM/gen001/03_OPT/00/NSGA1_000/DES_00170,,1,03_OPT/00/NSGA1_000/DES_00170,
0.44,0.4766666667,0.4258823529,0.5443137255,0.4309803922,0.5576470588,0.1280784314,6.070588235,0.6807843137,0.488627451,0.8870588235,0.3105882353,0.6274509804,1.215686275,0.6545882353,0.1321568627,0.9411764706,0.7635294118,,-0.1914649,-0.246094,NSGA_TANDEM/gen001/03_OPT/00/NSGA1_000/DES_00171,,1,03_OPT/00/NSGA1_000/DES_00171,
0.56,0.5633333333,0.4823529412,0.4188235294,0.3980392157,0.2258823529,0.1127843137,-3.811764706,0.448627451,0.3019607843,0.87,0.36,0.6164705882,1.317647059,0.6898823529,0.1325490196,0.9392156863,0.7988235294,,0.1543619,0.05906167,NSGA_TANDEM/gen001/03_OPT/00/NSGA1_000/DES_00173,,1,03_OPT/00/NSGA1_000/DES_00173,
0.6,0.3666666667,0.5529411765,0.4941176471,0.6890196078,0.5341176471,0.1438823529,-2.988235294,0.4925490196,0.4760784314,0.9088235294,0.368627451,0.6447058824,1.050980392,0.6842352941,0.1623529412,0.9470588235,0.7768627451,,0.9210779,1.159828,NSGA_TANDEM/gen001/03_OPT/00/NSGA1_000/DES_00174,,1,03_OPT/00/NSGA1_000/DES_00174,
0.3266666667,0.5533333333,0.4964705882,0.5490196078,0.5215686275,0.5670588235,0.1132941176,-2.823529412,0.4360784314,0.4839215686,0.8770588235,0.3388235294,0.6274509804,1.098039216,0.7068235294,0.1262745098,0.9176470588,0.7996078431,,-0.2103727,-0.0297671,NSGA_TANDEM/gen001/03_OPT/00/NSGA1_000/DES_00177,,1,03_OPT/00/NSGA1_000/DES_00177,
0.3033333333,0.4033333333,0.4,0.4156862745,0.4529411765,0.5317647059,0.1326666667,1.952941176,0.1631372549,0.5984313725,0.9558823529,0.3223529412,0.6564705882,0.5568627451,0.4738823529,0.1709803922,0.9029411765,0.8011764706,,0.6955294,0.7808293,NSGA_TANDEM/gen001/03_OPT/00/NSGA1_000/DES_00178,,1,03_OPT/00/NSGA1_000/DES_00178,
0.2833333333,0.4233333333,0.5905882353,0.4564705882,0.4062745098,0.4823529412,0.1148235294,9.529411765,0.6149019608,0.4305882353,0.9147058824,0.3623529412,0.6203921569,1.152941176,0.6249411765,0.1690196078,0.8735294118,0.8341176471,,0.1086486,0.4379715,NSGA_TANDEM/gen001/03_OPT/00/NSGA1_000/DES_00179,,1,03_OPT/00/NSGA1_000/DES_00179,
0.5333333333,0.6933333333,0.5341176471,0.448627451,0.5023529412,0.5082352941,0.1229803922,11.01176471,0.4831372549,0.3882352941,0.9170588235,0.2901960784,0.64,1.058823529,0.6997647059,0.1203921569,0.9117647059,0.7878431373,,-0.1844379,-0.2722761,NSGA_TANDEM/gen001/03_OPT/00/NSGA1_000/DES_00182,,1,03_OPT/00/NSGA1_000/DES_00182,
0.3766666667,0.45,0.5482352941,0.528627451,0.6258823529,0.4941176471,0.136745098,7.717647059,0.577254902,0.4682352941,0.9011764706,0.3435294118,0.7058823529,0.6980392157,0.5345882353,0.1666666667,0.9205882353,0.7737254902,,0.4679673,0.3073484,NSGA_TANDEM/gen001/03_OPT/00/NSGA1_000/DES_00183,,1,03_OPT/00/NSGA1_000/DES_00183,
0.35,0.7,0.5694117647,0.4611764706,0.5929411765,0.5694117647,0.09545098039,-1.505882353,0.2792156863,0.5247058824,0.8947058824,0.3639215686,0.6164705882,1.168627451,0.6574117647,0.1462745098,0.9254901961,0.8396078431,,-0.7215026,-0.2804861,NSGA_TANDEM/gen001/03_OPT/00/NSGA1_000/DES_00185,,1,03_OPT/00/NSGA1_000/DES_00185,
0.3766666667,0.34,0.5294117647,0.431372549,0.2745098039,0.5741176471,0.1331764706,3.435294118,0.5396078431,0.5325490196,0.9188235294,0.3082352941,0.6062745098,0.8470588235,0.7647058824,0.1631372549,0.9264705882,0.7541176471,,0.2734336,-0.1108722,NSGA_TANDEM/gen001/03_OPT/00/NSGA1_000/DES_00186,,1,03_OPT/00/NSGA1_000/DES_00186,
0.4266666667,0.43,0.4917647059,0.5584313725,0.5325490196,0.5882352941,0.1326666667,11.50588235,0.4235294118,0.537254902,0.9052941176,0.3223529412,0.6462745098,1.145098039,0.5289411765,0.1490196078,0.9333333333,0.797254902,,-0.08993204,0.4190075,NSGA_TANDEM/gen001/03_OPT/00/NSGA1_000/DES_00187,,1,03_OPT/00/NSGA1_000/DES_00187,
0.15,0.3066666667,0.3341176471,0.4329411765,0.4721568627,0.5082352941,0.104627451,6.235294118,0.3984313725,0.5890196078,0.9358823529,0.3458823529,0.6274509804,1.019607843,0.6207058824,0.1780392157,0.9098039216,0.7823529412,,-0.1945863,-0.2959267,NSGA_TANDEM/gen001/03_OPT/00/NSGA1_000/DES_00188,,1,03_OPT/00/NSGA1_000/DES_00188,
0.3666666667,0.4966666667,0.5552941176,0.4674509804,0.5709803922,0.4823529412,0.1148235294,1.952941176,0.3011764706,0.5450980392,0.9158823529,0.3223529412,0.631372549,1.168627451,0.7463529412,0.1490196078,0.9225490196,0.7439215686,,0.1439061,-0.06674465,NSGA_TANDEM/gen001/03_OPT/00/NSGA1_000/DES_00189,,1,03_OPT/00/NSGA1_000/DES_00189,
0.2433333333,0.4766666667,0.3905882353,0.4909803922,0.5215686275,0.4047058824,0.1066666667,-0.02352941176,0.3701960784,0.5623529412,0.97,0.3184313725,0.6164705882,1.098039216,0.5698823529,0.1701960784,0.9362745098,0.8058823529,,0.05924937,0.3637843,NSGA_TANDEM/gen001/03_OPT/00/NSGA1_000/DES_00190,,1,03_OPT/00/NSGA1_000/DES_00190,
0.4366666667,0.5733333333,0.5152941176,0.5490196078,0.4858823529,0.5058823529,0.1316470588,-5.458823529,0.7152941176,0.4290196078,0.8770588235,0.2839215686,0.662745098,1.090196078,0.5882352941,0.151372549,0.9039215686,0.8215686275,,0.5950065,0.9147103,NSGA_TANDEM/gen001/03_OPT/00/NSGA1_000/DES_00191,,1,03_OPT/00/NSGA1_000/DES_00191,
0.2066666667,0.4733333333,0.5105882353,0.4235294118,0.2992156863,0.5058823529,0.1280784314,-3.976470588,0.511372549,0.4431372549,0.9029411765,0.3647058824,0.6352941176,1.411764706,0.7350588235,0.1525490196,0.8558823529,0.7509803922,,0.8703217,0.7178521,NSGA_TANDEM/gen001/03_OPT/00/NSGA1_000/DES_00192,,1,03_OPT/00/NSGA1_000/DES_00192,
0.4066666667,0.5766666667,0.5058823529,0.5270588235,0.491372549,0.5482352941,0.111254902,5.082352941,0.511372549,0.4650980392,0.93,0.3607843137,0.6047058824,0.8,0.7082352941,0.1596078431,0.8754901961,0.7862745098,,-0.05435586,-0.3023941,NSGA_TANDEM/gen001/03_OPT/00/NSGA1_000/DES_00193,,1,03_OPT/00/NSGA1_000/DES_00193,
0.15,0.5266666667,0.5317647059,0.4031372549,0.3925490196,0.5223529412,0.1199215686,0.6352941176,0.5929411765,0.4839215686,0.9017647059,0.351372549,0.6282352941,1.168627451,0.7025882353,0.1745098039,0.8901960784,0.7384313725,,0.3503559,-0.09201892,NSGA_TANDEM/gen001/03_OPT/00/NSGA1_000/DES_00194,,1,03_OPT/00/NSGA1_000/DES_00194,
0.37,0.69,0.4823529412,0.4674509804,0.4996078431,0.5905882353,0.098,5.741176471,0.1317647059,0.4792156863,0.8952941176,0.302745098,0.6352941176,1.121568627,0.6475294118,0.1619607843,0.862745098,0.802745098,,-0.2724947,-0.3139323,NSGA_TANDEM/gen001/03_OPT/00/NSGA1_000/DES_00195,,1,03_OPT/00/NSGA1_000/DES_00195,
0.3733333333,0.4166666667,0.44,0.4235294118,0.4858823529,0.4894117647,0.1189019608,6.894117647,0.4015686275,0.5670588235,0.9247058824,0.3082352941,0.6125490196,1.231372549,0.752,0.171372549,0.9323529412,0.7854901961,,0.3764275,0.3961165,NSGA_TANDEM/gen001/03_OPT/00/NSGA1_000/DES_00196,,1,03_OPT/00/NSGA1_000/DES_00196,
0.5166666667,0.4433333333,0.4988235294,0.48,0.5407843137,0.4517647059,0.1296078431,6.564705882,0.5176470588,0.3003921569,0.8988235294,0.3152941176,0.6070588235,1.043137255,0.7110588235,0.1211764706,0.9490196078,0.7847058824,,-0.256534,-0.3040631,NSGA_TANDEM/gen001/03_OPT/00/NSGA1_000/DES_00197,,1,03_OPT/00/NSGA1_000/DES_00197,
0.4133333333,0.45,0.5741176471,0.6007843137,0.4831372549,0.5129411765,0.1331764706,0.1411764706,0.6368627451,0.4070588235,0.8788235294,0.32,0.617254902,0.9333333333,0.6108235294,0.1305882353,0.8980392157,0.7619607843,,0.07995487,-0.06520402,NSGA_TANDEM/gen001/03_OPT/00/NSGA1_000/DES_00199,,1,03_OPT/00/NSGA1_000/DES_00199,
0.2533333333,0.28,0.52,0.4658823529,0.562745098,0.4752941176,0.1311372549,4.423529412,0.6556862745,0.4729411765,0.8841176471,0.3796078431,0.6282352941,1.317647059,0.5712941176,0.1694117647,0.9333333333,0.8207843137,,0.4241822,1.029997,NSGA_TANDEM/gen001/03_OPT/00/NSGA1_000/DES_00200,,1,03_OPT/00/NSGA1_000/DES_00200,
0.57,0.5033333333,0.4305882353,0.4909803922,0.3650980392,0.5647058824,0.1301176471,-9.905882353,0.4768627451,0.4133333333,0.8929411765,0.3482352941,0.6015686275,0.8549019608,0.6630588235,0.1576470588,0.8843137255,0.7878431373,,0.2181854,0.09029924,NSGA_TANDEM/gen001/03_OPT/00/NSGA1_000/DES_00201,,1,03_OPT/00/NSGA1_000/DES_00201,
0.21,0.2766666667,0.5058823529,0.4690196078,0.4035294118,0.5176470588,0.1423529412,2.282352941,0.5584313725,0.4619607843,0.8788235294,0.328627451,0.617254902,0.9882352941,0.6927058824,0.1384313725,0.9,0.7541176471,,0.4661976,0.3781893,NSGA_TANDEM/gen001/03_OPT/00/NSGA1_000/DES_00204,,1,03_OPT/00/NSGA1_000/DES_00204,
0.4333333333,0.45,0.5341176471,0.4894117647,0.5050980392,0.4705882353,0.1102352941,-4.305882353,0.3607843137,0.5309803922,0.8811764706,0.3403921569,0.6266666667,0.7843137255,0.7915294118,0.1337254902,0.9205882353,0.7282352941,,-0.02337422,-0.5750088,NSGA_TANDEM/gen001/03_OPT/00/NSGA1_000/DES_00205,,1,03_OPT/00/NSGA1_000/DES_00205,
0.39,0.4166666667,0.5647058824,0.4188235294,0.2360784314,0.4635294118,0.1066666667,-3.152941176,0.288627451,0.36,0.9594117647,0.3780392157,0.6980392157,1.498039216,0.5938823529,0.1619607843,0.8950980392,0.7666666667,,-0.1385738,-0.3616623,NSGA_TANDEM/gen001/03_OPT/00/NSGA1_000/DES_00206,,1,03_OPT/00/NSGA1_000/DES_00206,
0.4233333333,0.3,0.4941176471,0.5490196078,0.5023529412,0.5152941176,0.1102352941,5.247058824,0.4611764706,0.4949019608,0.9035294118,0.328627451,0.6258823529,1.356862745,0.7025882353,0.1517647059,0.9166666667,0.7737254902,,-0.2648327,-0.2334253,NSGA_TANDEM/gen001/03_OPT/00/NSGA1_000/DES_00207,,1,03_OPT/00/NSGA1_000/DES_00207,
0.3833333333,0.4566666667,0.5152941176,0.4345098039,0.4721568627,0.5341176471,0.1234901961,4.588235294,0.3262745098,0.4917647059,0.9,0.3215686275,0.6250980392,1.239215686,0.7336470588,0.1568627451,0.9107843137,0.7784313725,,0.2963027,0.2714092,NSGA_TANDEM/gen001/03_OPT/00/NSGA1_000/DES_00208,,1,03_OPT/00/NSGA1_000/DES_00208,
0.3866666667,0.4466666667,0.5952941176,0.4062745098,0.4007843137,0.4964705882,0.1097254902,-1.341176471,0.3733333333,0.4541176471,0.9458823529,0.337254902,0.657254902,1.450980392,0.6164705882,0.1678431373,0.9254901961,0.8035294118,,-0.2081357,0.07632416,NSGA_TANDEM/gen001/03_OPT/00/NSGA1_000/DES_00209,,1,03_OPT/00/NSGA1_000/DES_00209,
0.33,0.3366666667,0.4164705882,0.4219607843,0.3047058824,0.4752941176,0.1194117647,-1.835294118,0.1819607843,0.5654901961,0.9729411765,0.328627451,0.6321568627,0.7294117647,0.5232941176,0.1776470588,0.9049019608,0.8152941176,,0.4110764,0.5106551,NSGA_TANDEM/gen001/03_OPT/00/NSGA1_000/DES_00210,,1,03_OPT/00/NSGA1_000/DES_00210,
0.38,0.5866666667,0.5294117647,0.4878431373,0.3403921569,0.3623529412,0.1127843137,-2.329411765,0.3796078431,0.44,0.9682352941,0.3129411765,0.6823529412,1.560784314,0.6348235294,0.1580392157,0.9284313725,0.7698039216,,0.4367401,0.2936914,NSGA_TANDEM/gen001/03_OPT/00/NSGA1_000/DES_00211,,1,03_OPT/00/NSGA1_000/DES_00211,
0.5433333333,0.3566666667,0.5929411765,0.4737254902,0.2937254902,0.5694117647,0.1056470588,4.094117647,0.6839215686,0.4556862745,0.9517647059,0.3976470588,0.6133333333,0.8078431373,0.6884705882,0.1870588235,0.9382352941,0.8168627451,,-0.5387038,-0.4027993,NSGA_TANDEM/gen001/03_OPT/00/NSGA1_000/DES_00212,,1,03_OPT/00/NSGA1_000/DES_00212,
0.2233333333,0.3766666667,0.32,0.4784313725,0.4556862745,0.5764705882,0.1132941176,1.129411765,0.4141176471,0.5545098039,0.9264705882,0.3215686275,0.6588235294,1.121568627,0.704,0.1839215686,0.9049019608,0.7635294118,,0.08986554,-0.2401955,NSGA_TANDEM/gen001/03_OPT/00/NSGA1_000/DES_00213,,1,03_OPT/00/NSGA1_000/DES_00213,
0.3333333333,0.3966666667,0.5458823529,0.5725490196,0.4776470588,0.5905882353,0.08270588235,3.435294118,0.3450980392,0.5780392157,0.8752941176,0.3270588235,0.6494117647,0.9411764706,0.6941176471,0.1270588235,0.9068627451,0.7101960784,,-0.1245396,-0.7869644,NSGA_TANDEM/gen001/03_OPT/00/NSGA1_000/DES_00214,,1,03_OPT/00/NSGA1_000/DES_00214,
0.5433333333,0.32,0.4188235294,0.5176470588,0.5243137255,0.5294117647,0.143372549,4.917647059,0.4894117647,0.4839215686,0.9241176471,0.3701960784,0.6807843137,0.7058823529,0.5571764706,0.1619607843,0.9343137255,0.8074509804,,0.6817907,1.071356,NSGA_TANDEM/gen001/03_OPT/00/NSGA1_000/DES_00216,,1,03_OPT/00/NSGA1_000/DES_00216,
0.32,0.3433333333,0.5576470588,0.5207843137,0.4694117647,0.56,0.104627451,8.541176471,0.7121568627,0.5090196078,0.8735294118,0.3278431373,0.6603921569,1.466666667,0.6574117647,0.1152941176,0.9156862745,0.7635294118,,-0.5897164,-0.6973696,NSGA_TANDEM/gen001/03_OPT/00/NSGA1_000/DES_00217,,1,03_OPT/00/NSGA1_000/DES_00217,
0.42,0.2733333333,0.3905882353,0.4109803922,0.4831372549,0.4917647059,0.1178823529,8.541176471,0.6368627451,0.5262745098,0.9241176471,0.3341176471,0.6211764706,1.254901961,0.6164705882,0.1603921569,0.8656862745,0.8294117647,,0.3023058,0.6489555,NSGA_TANDEM/gen001/03_OPT/00/NSGA1_000/DES_00219,,1,03_OPT/00/NSGA1_000/DES_00219,
0.3433333333,0.6833333333,0.5623529412,0.4784313725,0.6478431373,0.5105882353,0.1051372549,-2.494117647,0.1976470588,0.52,0.8847058824,0.3184313725,0.6274509804,1.239215686,0.6955294118,0.1411764706,0.9460784314,0.8403921569,,-0.3204242,0.2121948,NSGA_TANDEM/gen001/03_OPT/00/NSGA1_000/DES_00221,,1,03_OPT/00/NSGA1_000/DES_00221,
0.3433333333,0.29,0.4847058824,0.5929411765,0.4941176471,0.5082352941,0.1102352941,-0.1882352941,0.6776470588,0.4776470588,0.8876470588,0.3662745098,0.6133333333,1.443137255,0.6150588235,0.1666666667,0.8803921569,0.8160784314,,0.008352688,0.4426659,NSGA_TANDEM/gen001/03_OPT/00/NSGA1_000/DES_00222,,1,03_OPT/00/NSGA1_000/DES_00222,
0.56,0.2966666667,0.4705882353,0.4831372549,0.3431372549,0.5270588235,0.098,9.035294118,0.3356862745,0.4964705882,0.8823529412,0.3270588235,0.6509803922,1.537254902,0.7011764706,0.1423529412,0.9441176471,0.7737254902,,-0.6332014,-0.8227703,NSGA_TANDEM/gen001/03_OPT/00/NSGA1_000/DES_00223,,1,03_OPT/00/NSGA1_000/DES_00223,
0.4,0.2533333333,0.5811764706,0.6447058824,0.5737254902,0.5388235294,0.1224705882,-1.505882353,0.7435294118,0.3960784314,0.8552941176,0.3145098039,0.6462745098,0.9254901961,0.6150588235,0.1329411765,0.8950980392,0.7643137255,,-0.3007516,-0.5395744,NSGA_TANDEM/gen001/03_OPT/00/NSGA1_000/DES_00224,,1,03_OPT/00/NSGA1_000/DES_00224,
0.64,0.32,0.5247058824,0.4611764706,0.56,0.4305882353,0.1219607843,0.6352941176,0.6807843137,0.408627451,0.9229411765,0.3545098039,0.688627451,1.215686275,0.6545882353,0.1705882353,0.8607843137,0.828627451,,0.8341911,1.111504,NSGA_TANDEM/gen001/03_OPT/00/NSGA1_000/DES_00225,,1,03_OPT/00/NSGA1_000/DES_00225,
0.5,0.2366666667,0.4329411765,0.6274509804,0.3870588235,0.5058823529,0.1387843137,-5.788235294,0.5301960784,0.4196078431,0.9,0.3670588235,0.6737254902,1.035294118,0.6249411765,0.1717647059,0.9049019608,0.8231372549,,1.045933,1.397425,NSGA_TANDEM/gen001/03_OPT/00/NSGA1_000/DES_00227,,1,03_OPT/00/NSGA1_000/DES_00227,
0.3433333333,0.54,0.5058823529,0.4235294118,0.1619607843,0.5741176471,0.1392941176,-2.164705882,0.5929411765,0.5278431373,0.9276470588,0.3019607843,0.6556862745,1.066666667,0.7251764706,0.1541176471,0.9343137255,0.7941176471,,0.8269977,0.9379506,NSGA_TANDEM/gen001/03_OPT/00/NSGA1_000/DES_00228,,1,03_OPT/00/NSGA1_000/DES_00228,
0.38,0.3733333333,0.5952941176,0.4658823529,0.6149019608,0.5270588235,0.1143137255,4.094117647,0.7058823529,0.5074509804,0.8664705882,0.3309803922,0.6447058824,1.388235294,0.5952941176,0.1639215686,0.9294117647,0.8247058824,,-0.3726242,0.2293551,NSGA_TANDEM/gen001/03_OPT/00/NSGA1_000/DES_00229,,1,03_OPT/00/NSGA1_000/DES_00229,
0.8266666667,0.5466666667,0.5505882353,0.4752941176,0.6094117647,0.5482352941,0.117372549,2.941176471,0.6901960784,0.3976470588,0.9270588235,0.36,0.6494117647,1.105882353,0.6475294118,0.1619607843,0.9098039216,0.8215686275,,-0.2582816,0.1480825,NSGA_TANDEM/gen001/03_OPT/00/NSGA1_000/DES_00230,,1,03_OPT/00/NSGA1_000/DES_00230,
0.4,0.5866666667,0.5270588235,0.591372549,0.3458823529,0.5388235294,0.1443921569,-0.5176470588,0.5396078431,0.4133333333,0.8911764706,0.3262745098,0.6549019608,0.8,0.5882352941,0.1525490196,0.8980392157,0.7674509804,,0.7358704,0.505508,NSGA_TANDEM/gen001/03_OPT/00/NSGA1_000/DES_00231,,1,03_OPT/00/NSGA1_000/DES_00231,
0.4066666667,0.3566666667,0.5882352941,0.4941176471,0.4611764706,0.4211764706,0.1143137255,1.458823529,0.3607843137,0.5466666667,0.8911764706,0.3152941176,0.64,1.349019608,0.7505882353,0.1650980392,0.9460784314,0.7878431373,,0.4214611,0.5356359,NSGA_TANDEM/gen001/03_OPT/00/NSGA1_000/DES_00232,,1,03_OPT/00/NSGA1_000/DES_00232,
0.5333333333,0.35,0.4941176471,0.497254902,0.4529411765,0.4870588235,0.09341176471,2.117647059,0.5709803922,0.4305882353,0.8970588235,0.3521568627,0.6305882353,1.090196078,0.6969411765,0.1403921569,0.9205882353,0.7988235294,,-0.658347,-0.8705516,NSGA_TANDEM/gen001/03_OPT/00/NSGA1_000/DES_00233,,1,03_OPT/00/NSGA1_000/DES_00233,
0.4966666667,0.5433333333,0.5694117647,0.4894117647,0.5325490196,0.5529411765,0.1183921569,0.1411764706,0.5929411765,0.3662745098,0.8794117647,0.3866666667,0.6407843137,0.8941176471,0.6701176471,0.1623529412,0.9284313725,0.7556862745,,-0.1990169,-0.691535,NSGA_TANDEM/gen001/03_OPT/00/NSGA1_000/DES_00234,,1,03_OPT/00/NSGA1_000/DES_00234,
0.5166666667,0.35,0.5035294118,0.5725490196,0.5792156863,0.4941176471,0.1229803922,6.4,0.577254902,0.551372549,0.9023529412,0.3498039216,0.7364705882,0.8392156863,0.5232941176,0.1643137255,0.8990196078,0.7964705882,,0.2921986,0.4688055,NSGA_TANDEM/gen001/03_OPT/00/NSGA1_000/DES_00235,,1,03_OPT/00/NSGA1_000/DES_00235,
0.44,0.2366666667,0.5058823529,0.5584313725,0.4364705882,0.4705882353,0.09698039216,-10.23529412,0.4109803922,0.5325490196,0.8911764706,0.3239215686,0.6274509804,1.105882353,0.7054117647,0.1301960784,0.9068627451,0.7588235294,,-0.3776717,-0.8533342,NSGA_TANDEM/gen001/03_OPT/00/NSGA1_000/DES_00236,,1,03_OPT/00/NSGA1_000/DES_00236,
0.49,0.4133333333,0.5411764706,0.5396078431,0.491372549,0.5623529412,0.1066666667,-3.317647059,0.4580392157,0.5105882353,0.9082352941,0.2917647059,0.6415686275,1.239215686,0.728,0.1407843137,0.9274509804,0.7823529412,,-0.3847277,-0.3710176,NSGA_TANDEM/gen001/03_OPT/00/NSGA1_000/DES_00237,,1,03_OPT/00/NSGA1_000/DES_00237,
0.45,0.4,0.5788235294,0.5239215686,0.491372549,0.56,0.137254902,-0.3529411765,0.4203921569,0.3584313725,0.8758823529,0.3435294118,0.6290196078,1.356862745,0.6531764706,0.1447058824,0.8921568627,0.7533333333,,0.2941646,0.2686269,NSGA_TANDEM/gen001/03_OPT/00/NSGA1_000/DES_00238,,1,03_OPT/00/NSGA1_000/DES_00238,
0.4433333333,0.5566666667,0.4870588235,0.5552941176,0.4831372549,0.4447058824,0.1219607843,4.258823529,0.4203921569,0.5121568627,0.8894117647,0.3301960784,0.6258823529,1.137254902,0.6334117647,0.1494117647,0.8833333333,0.8380392157,,0.9931679,1.402642,NSGA_TANDEM/gen001/03_OPT/00/NSGA1_000/DES_00241,,1,03_OPT/00/NSGA1_000/DES_00241,
0.3033333333,0.3833333333,0.3952941176,0.4298039216,0.4639215686,0.4941176471,0.1403137255,8.376470588,0.1066666667,0.5905882353,0.9376470588,0.3270588235,0.6643137255,0.3450980392,0.4809411765,0.1725490196,0.8774509804,0.7988235294,,1.052959,0.9341632,NSGA_TANDEM/gen001/03_OPT/00/NSGA1_000/DES_00242,,1,03_OPT/00/NSGA1_000/DES_00242,
0.3133333333,0.5033333333,0.4635294118,0.4580392157,0.557254902,0.5317647059,0.104627451,2.776470588,0.2698039216,0.5262745098,0.8976470588,0.3050980392,0.6031372549,1.11372549,0.6672941176,0.1615686275,0.9166666667,0.8176470588,,-0.336606,0.005227326,NSGA_TANDEM/gen001/03_OPT/00/NSGA1_000/DES_00244,,1,03_OPT/00/NSGA1_000/DES_00244,
0.39,0.5966666667,0.4235294118,0.4282352941,0.5023529412,0.4188235294,0.1168627451,-3.482352941,0.1850980392,0.5701960784,0.9370588235,0.3254901961,0.6478431373,1.121568627,0.5656470588,0.1890196078,0.9382352941,0.7956862745,,0.9414712,1.177185,NSGA_TANDEM/gen001/03_OPT/00/NSGA1_000/DES_00245,,1,03_OPT/00/NSGA1_000/DES_00245,
0.3833333333,0.5833333333,0.4917647059,0.4564705882,0.6203921569,0.4611764706,0.1214509804,1.788235294,0.382745098,0.5105882353,0.9029411765,0.3168627451,0.6141176471,1.231372549,0.6983529412,0.1650980392,0.9470588235,0.8019607843,,0.57969,0.9940979,NSGA_TANDEM/gen001/03_OPT/00/NSGA1_000/DES_00247,,1,03_OPT/00/NSGA1_000/DES_00247,
0.4933333333,0.46,0.5411764706,0.4815686275,0.6807843137,0.5529411765,0.1449019608,3.435294118,0.5898039216,0.4462745098,0.9017647059,0.3552941176,0.6266666667,0.9647058824,0.7632941176,0.1639215686,0.8980392157,0.7556862745,,0.9002818,0.8971583,NSGA_TANDEM/gen001/03_OPT/00/NSGA1_000/DES_00250,,1,03_OPT/00/NSGA1_000/DES_00250,
0.4533333333,0.44,0.4094117647,0.5035294118,0.417254902,0.5082352941,0.1219607843,10.18823529,0.6619607843,0.4447058824,0.8923529412,0.3239215686,0.6094117647,0.9882352941,0.5571764706,0.1341176471,0.8990196078,0.7901960784,,-0.3128255,-0.3495869,NSGA_TANDEM/gen001/03_OPT/00/NSGA1_000/DES_00252,,1,03_OPT/00/NSGA1_000/DES_00252,
0.47,0.3733333333,0.5058823529,0.5458823529,0.491372549,0.5341176471,0.1117647059,3.6,0.6870588235,0.5796078431,0.8829411765,0.3858823529,0.6635294118,1.231372549,0.7294117647,0.1729411765,0.9088235294,0.8082352941,,0.2187113,0.5745712,NSGA_TANDEM/gen001/03_OPT/00/NSGA1_000/DES_00254,,1,03_OPT/00/NSGA1_000/DES_00254,
0.22,0.2133333333,0.48,0.4188235294,0.2552941176,0.52,0.1102352941,-9.247058824,0.417254902,0.537254902,0.9011764706,0.3694117647,0.6337254902,0.8156862745,0.7689411765,0.1376470588,0.931372549,0.7792156863,,-0.2267663,-0.6040053,NSGA_TANDEM/gen001/03_OPT/00/NSGA1_000/DES_00256,,1,03_OPT/00/NSGA1_000/DES_00256,
0.4266666667,0.6533333333,0.4541176471,0.6431372549,0.6149019608,0.4894117647,0.117372549,3.929411765,0.4360784314,0.5184313725,0.8905882353,0.3450980392,0.6164705882,1.474509804,0.5303529412,0.1435294118,0.9205882353,0.7941176471,,0.2409669,0.8393369,NSGA_TANDEM/gen001/03_OPT/00/NSGA1_000/DES_00257,,1,03_OPT/00/NSGA1_000/DES_00257,
0.28,0.36,0.5505882353,0.5349019608,0.557254902,0.5058823529,0.1357254902,8.211764706,0.6305882353,0.5121568627,0.8882352941,0.3207843137,0.6854901961,0.5647058824,0.5995294118,0.1647058824,0.9245098039,0.7690196078,,0.3444465,0.1258466,NSGA_TANDEM/gen001/03_OPT/00/NSGA1_000/DES_00259,,1,03_OPT/00/NSGA1_000/DES_00259,
0.3033333333,0.4033333333,0.4,0.4847058824,0.4529411765,0.5317647059,0.1326666667,5.741176471,0.3639215686,0.5984313725,0.9558823529,0.3223529412,0.6564705882,0.5568627451,0.4738823529,0.1709803922,0.912745098,0.7941176471,,0.4704562,0.5696165,NSGA_TANDEM/gen001/03_OPT/00/NSGA1_000/DES_00260,,1,03_OPT/00/NSGA1_000/DES_00260,
0.5,0.49,0.5482352941,0.4831372549,0.5188235294,0.3858823529,0.1020784314,-2.0,0.4360784314,0.3239215686,0.8829411765,0.328627451,0.6235294118,1.356862745,0.6912941176,0.1356862745,0.9088235294,0.7956862745,,-0.3830581,-0.3918685,NSGA_TANDEM/gen001/03_OPT/00/NSGA1_000/DES_00261,,1,03_OPT/00/NSGA1_000/DES_00261,
0.37,0.5233333333,0.4870588235,0.511372549,0.5764705882,0.5552941176,0.1341960784,9.2,0.5145098039,0.5325490196,0.8947058824,0.3450980392,0.6321568627,1.450980392,0.5543529412,0.16,0.9088235294,0.8082352941,,0.7396627,1.355492,NSGA_TANDEM/gen001/03_OPT/00/NSGA1_000/DES_00262,,1,03_OPT/00/NSGA1_000/DES_00262,
0.4533333333,0.5066666667,0.3835294118,0.4188235294,0.4145098039,0.4705882353,0.1321568627,-2.494117647,0.1756862745,0.5592156863,0.9470588235,0.3270588235,0.671372549,0.6039215686,0.4625882353,0.151372549,0.9049019608,0.8050980392,,0.7602432,0.7806288,NSGA_TANDEM/gen001/03_OPT/00/NSGA1_000/DES_00263,,1,03_OPT/00/NSGA1_000/DES_00263,
0.41,0.19,0.3811764706,0.4188235294,0.282745098,0.5505882353,0.1474509804,-4.964705882,0.1788235294,0.5654901961,0.9682352941,0.3552941176,0.6219607843,0.4156862745,0.4724705882,0.1666666667,0.8745098039,0.8341176471,,1.144389,1.346125,NSGA_TANDEM/gen001/03_OPT/00/NSGA1_000/DES_00264,,1,03_OPT/00/NSGA1_000/DES_00264,
0.4966666667,0.2433333333,0.5247058824,0.4737254902,0.2305882353,0.5952941176,0.1443921569,4.752941176,0.5898039216,0.5639215686,0.9158823529,0.3035294118,0.6117647059,0.768627451,0.7534117647,0.1733333333,0.9058823529,0.7690196078,,0.7155751,0.5157851,NSGA_TANDEM/gen001/03_OPT/00/NSGA1_000/DES_00265,,1,03_OPT/00/NSGA1_000/DES_00265,
0.58,0.5333333333,0.5552941176,0.5192156863,0.1345098039,0.5176470588,0.1382745098,9.035294118,0.5835294118,0.4462745098,0.8611764706,0.3356862745,0.6203921569,1.160784314,0.5458823529,0.1407843137,0.9205882353,0.7611764706,,0.1954358,-0.007240059,NSGA_TANDEM/gen001/03_OPT/00/NSGA1_000/DES_00268,,1,03_OPT/00/NSGA1_000/DES_00268,
0.2333333333,0.25,0.4305882353,0.4094117647,0.5352941176,0.5623529412,0.1331764706,-8.752941176,0.3796078431,0.4792156863,0.9070588235,0.3301960784,0.6501960784,1.074509804,0.6771764706,0.1349019608,0.9117647059,0.7533333333,,0.09904647,-0.08824722,NSGA_TANDEM/gen001/03_OPT/00/NSGA1_000/DES_00269,,1,03_OPT/00/NSGA1_000/DES_00269,
0.4033333333,0.18,0.5341176471,0.5003921569,0.5545098039,0.5129411765,0.1138039216,1.788235294,0.5364705882,0.5341176471,0.9147058824,0.3003921569,0.6603921569,0.8941176471,0.7731764706,0.1588235294,0.9039215686,0.7768627451,,-0.03546971,-0.236406,NSGA_TANDEM/gen001/03_OPT/00/NSGA1_000/DES_00271,,1,03_OPT/00/NSGA1_000/DES_00271,
0.1966666667,0.27,0.5835294118,0.4188235294,0.6396078431,0.5341176471,0.1194117647,3.105882353,0.191372549,0.4823529412,0.8888235294,0.3309803922,0.6517647059,1.223529412,0.6941176471,0.1717647059,0.8960784314,0.8254901961,,0.3294541,0.7502362,NSGA_TANDEM/gen001/03_OPT/00/NSGA1_000/DES_00272,,1,03_OPT/00/NSGA1_000/DES_00272,
0.5766666667,0.34,0.5458823529,0.542745098,0.6094117647,0.5035294118,0.1234901961,6.564705882,0.577254902,0.5545098039,0.8970588235,0.3929411765,0.7098039216,0.2431372549,0.6291764706,0.1639215686,0.9411764706,0.7980392157,,0.08473664,0.1918896,NSGA_TANDEM/gen001/03_OPT/00/NSGA1_000/DES_00273,,1,03_OPT/00/NSGA1_000/DES_00273,
0.4766666667,0.3533333333,0.44,0.4847058824,0.491372549,0.4423529412,0.1255294118,4.423529412,0.4580392157,0.5419607843,0.9229411765,0.3341176471,0.6352941176,1.364705882,0.5811764706,0.1933333333,0.9352941176,0.7839215686,,0.7789933,0.9507982,NSGA_TANDEM/gen001/03_OPT/00/NSGA1_000/DES_00274,,1,03_OPT/00/NSGA1_000/DES_00274,
0.5766666667,0.3966666667,0.5411764706,0.5003921569,0.6121568627,0.4988235294,0.1336862745,3.105882353,0.6745098039,0.5184313725,0.8805882353,0.3560784314,0.6674509804,0.9098039216,0.5952941176,0.1396078431,0.9215686275,0.7690196078,,0.2567806,0.2853321,NSGA_TANDEM/gen001/03_OPT/00/NSGA1_000/DES_00275,,1,03_OPT/00/NSGA1_000/DES_00275,
0.5166666667,0.4366666667,0.3435294118,0.56,0.422745098,0.5623529412,0.1056470588,7.058823529,0.4141176471,0.4525490196,0.9064705882,0.3678431373,0.6188235294,1.090196078,0.7463529412,0.1321568627,0.9254901961,0.7603921569,,-0.4337959,-0.9572532,NSGA_TANDEM/gen001/03_OPT/00/NSGA1_000/DES_00276,,1,03_OPT/00/NSGA1_000/DES_00276,
0.27,0.41,0.3835294118,0.4674509804,0.5517647059,0.5694117647,0.1178823529,-1.011764706,0.3607843137,0.5607843137,0.9358823529,0.3160784314,0.6321568627,1.074509804,0.5543529412,0.1776470588,0.9431372549,0.8043137255,,-0.1635256,0.2924489,NSGA_TANDEM/gen001/03_OPT/00/NSGA1_000/DES_00277,,1,03_OPT/00/NSGA1_000/DES_00277,
0.47,0.47,0.5388235294,0.431372549,0.5133333333,0.5482352941,0.1413333333,9.035294118,0.7152941176,0.4133333333,0.91,0.3882352941,0.6635294118,0.4235294118,0.6192941176,0.1580392157,0.9049019608,0.8074509804,,0.2617543,0.3292885,NSGA_TANDEM/gen001/03_OPT/00/NSGA1_000/DES_00279,,1,03_OPT/00/NSGA1_000/DES_00279,
0.58,0.4266666667,0.5435294118,0.4925490196,0.5709803922,0.5764705882,0.1362352941,0.3058823529,0.5239215686,0.4274509804,0.8964705882,0.297254902,0.6337254902,0.9647058824,0.6927058824,0.1564705882,0.8725490196,0.7901960784,,0.497526,0.562242,NSGA_TANDEM/gen001/03_OPT/00/NSGA1_000/DES_00280,,1,03_OPT/00/NSGA1_000/DES_00280,
0.56,0.5966666667,0.4611764706,0.4109803922,0.6807843137,0.5835294118,0.1153333333,-4.141176471,0.3733333333,0.3945098039,0.92,0.3474509804,0.6517647059,1.105882353,0.6305882353,0.1615686275,0.9274509804,0.7988235294,,-0.406285,-0.1633193,NSGA_TANDEM/gen001/03_OPT/00/NSGA1_000/DES_00281,,1,03_OPT/00/NSGA1_000/DES_00281,
0.3333333333,0.46,0.5294117647,0.4266666667,0.5517647059,0.4729411765,0.1250196078,0.3058823529,0.3137254902,0.52,0.9182352941,0.3074509804,0.6690196078,1.066666667,0.7534117647,0.1298039216,0.9333333333,0.7321568627,,0.2645659,0.2011726,NSGA_TANDEM/gen001/03_OPT/00/NSGA1_000/DES_00282,,1,03_OPT/00/NSGA1_000/DES_00282,
0.2633333333,0.4166666667,0.3223529412,0.5003921569,0.5188235294,0.4023529412,0.1209411765,10.35294118,0.1756862745,0.5937254902,0.9594117647,0.3349019608,0.6329411765,0.8941176471,0.5825882353,0.16,0.8647058824,0.8090196078,,1.049973,1.213747,NSGA_TANDEM/gen001/03_OPT/00/NSGA1_000/DES_00283,,1,03_OPT/00/NSGA1_000/DES_00283,
0.41,0.47,0.5223529412,0.5019607843,0.3376470588,0.3952941176,0.07505882353,-10.72941176,0.4862745098,0.4180392157,0.9476470588,0.3419607843,0.6274509804,1.505882353,0.4851764706,0.1721568627,0.9333333333,0.8019607843,,-0.89779,-1.158765,NSGA_TANDEM/gen001/03_OPT/00/NSGA1_000/DES_00284,,1,03_OPT/00/NSGA1_000/DES_00284,
0.4066666667,0.61,0.5529411765,0.4847058824,0.5380392157,0.5929411765,0.09596078431,-1.505882353,0.608627451,0.3866666667,0.9194117647,0.3458823529,0.6149019608,0.8784313725,0.6983529412,0.1568627451,0.9392156863,0.7611764706,,-0.452007,-1.011727,NSGA_TANDEM/gen001/03_OPT/00/NSGA1_000/DES_00285,,1,03_OPT/00/NSGA1_000/DES_00285,
0.1533333333,0.5433333333,0.5058823529,0.4439215686,0.4007843137,0.4258823529,0.1158431373,-8.423529412,0.5270588235,0.471372549,0.9705882353,0.3160784314,0.6494117647,1.654901961,0.4894117647,0.1588235294,0.9441176471,0.7564705882,,0.1308361,0.01302643,NSGA_TANDEM/gen001/03_OPT/00/NSGA1_000/DES_00286,,1,03_OPT/00/NSGA1_000/DES_00286,
0.23,0.15,0.3576470588,0.591372549,0.3294117647,0.5270588235,0.1076862745,-3.811764706,0.5521568627,0.502745098,0.9482352941,0.32,0.6549019608,1.2,0.6249411765,0.1301960784,0.9068627451,0.7917647059,,-0.4407985,-0.4133589,NSGA_TANDEM/gen001/03_OPT/00/NSGA1_000/DES_00288,,1,03_OPT/00/NSGA1_000/DES_00288,
0.5566666667,0.3433333333,0.4752941176,0.4878431373,0.4529411765,0.5388235294,0.0791372549,9.364705882,0.511372549,0.4509803922,0.9064705882,0.3419607843,0.622745098,1.082352941,0.7378823529,0.1356862745,0.9343137255,0.7807843137,,-0.5923466,-1.073539,NSGA_TANDEM/gen001/03_OPT/00/NSGA1_000/DES_00289,,1,03_OPT/00/NSGA1_000/DES_00289,
0.3166666667,0.39,0.4870588235,0.5066666667,0.3403921569,0.4964705882,0.1464313725,9.858823529,0.4643137255,0.4839215686,0.8876470588,0.3466666667,0.6290196078,1.192156863,0.6729411765,0.1615686275,0.9166666667,0.7603921569,,0.9784866,0.9487152,NSGA_TANDEM/gen001/03_OPT/00/NSGA1_000/DES_00291,,1,03_OPT/00/NSGA1_000/DES_00291,
0.4866666667,0.29,0.48,0.417254902,0.4090196078,0.5976470588,0.143372549,5.576470588,0.4611764706,0.4556862745,0.9058823529,0.3458823529,0.6792156863,1.333333333,0.7915294118,0.1588235294,0.8950980392,0.8176470588,,1.114484,1.434426,NSGA_TANDEM/gen001/03_OPT/00/NSGA1_000/DES_00292,,1,03_OPT/00/NSGA1_000/DES_00292,
0.1933333333,0.1833333333,0.3011764706,0.4784313725,0.4007843137,0.5905882353,0.1311372549,6.894117647,0.5521568627,0.5105882353,0.9323529412,0.3498039216,0.6062745098,1.098039216,0.6037647059,0.1560784314,0.8705882353,0.8333333333,,0.3245689,0.6991222,NSGA_TANDEM/gen001/03_OPT/00/NSGA1_000/DES_00293,,1,03_OPT/00/NSGA1_000/DES_00293,
0.2466666667,0.4233333333,0.3694117647,0.4141176471,0.5050980392,0.4988235294,0.1285882353,8.705882353,0.6211764706,0.4541176471,0.8794117647,0.3294117647,0.6250980392,0.8156862745,0.6856470588,0.1584313725,0.887254902,0.7745098039,,0.1700026,-0.160107,NSGA_TANDEM/gen001/03_OPT/00/NSGA1_000/DES_00294,,1,03_OPT/00/NSGA1_000/DES_00294,
0.3033333333,0.2866666667,0.5341176471,0.5521568627,0.282745098,0.56,0.08678431373,8.047058824,0.7278431373,0.5356862745,0.9135294118,0.3568627451,0.631372549,1.098039216,0.5882352941,0.1529411765,0.9235294118,0.8058823529,,-0.8610162,-1.033219,NSGA_TANDEM/gen001/03_OPT/00/NSGA1_000/DES_00295,,1,03_OPT/00/NSGA1_000/DES_00295,
0.33,0.3466666667,0.4823529412,0.5223529412,0.5215686275,0.5317647059,0.137254902,4.094117647,0.5835294118,0.4807843137,0.8617647059,0.3952941176,0.6352941176,1.403921569,0.6376470588,0.1611764706,0.881372549,0.8184313725,,1.373876,1.875936,NSGA_TANDEM/gen001/03_OPT/00/NSGA1_000/DES_00296,,1,03_OPT/00/NSGA1_000/DES_00296,
0.55,0.4733333333,0.5670588235,0.4737254902,0.3376470588,0.5294117647,0.111254902,11.67058824,0.5301960784,0.4666666667,0.9005882353,0.3670588235,0.6752941176,0.8,0.6503529412,0.1831372549,0.9382352941,0.837254902,,-0.3775234,-0.1863949,NSGA_TANDEM/gen001/03_OPT/00/NSGA1_000/DES_00297,,1,03_OPT/00/NSGA1_000/DES_00297,
0.4966666667,0.3733333333,0.4705882353,0.431372549,0.2882352941,0.4752941176,0.1362352941,-1.176470588,0.5741176471,0.5121568627,0.9388235294,0.2941176471,0.617254902,0.6196078431,0.7816470588,0.1639215686,0.9147058824,0.7541176471,,0.7204587,0.4546795,NSGA_TANDEM/gen001/03_OPT/00/NSGA1_000/DES_00298,,1,03_OPT/00/NSGA1_000/DES_00298,
0.18,0.3233333333,0.4070588235,0.4768627451,0.4337254902,0.5952941176,0.1036078431,-7.105882353,0.3764705882,0.4431372549,0.9152941176,0.351372549,0.657254902,1.121568627,0.6997647059,0.1443137255,0.8911764706,0.7556862745,,-0.3329064,-0.9687137,NSGA_TANDEM/gen001/03_OPT/00/NSGA1_000/DES_00300,,1,03_OPT/00/NSGA1_000/DES_00300,
0.3,0.4666666667,0.3082352941,0.4015686275,0.3815686275,0.3717647059,0.1127843137,8.376470588,0.3137254902,0.5247058824,0.9441176471,0.3309803922,0.6156862745,1.356862745,0.5698823529,0.1945098039,0.9205882353,0.8050980392,,0.4582489,0.5354991,NSGA_TANDEM/gen001/03_OPT/00/NSGA1_000/DES_00301,,1,03_OPT/00/NSGA1_000/DES_00301,
0.4533333333,0.3366666667,0.5152941176,0.5552941176,0.5407843137,0.5317647059,0.1387843137,1.294117647,0.4015686275,0.5419607843,0.9064705882,0.3231372549,0.7278431373,1.137254902,0.5416470588,0.1509803922,0.9460784314,0.8294117647,,0.6996044,1.331487,NSGA_TANDEM/gen001/03_OPT/00/NSGA1_000/DES_00302,,1,03_OPT/00/NSGA1_000/DES_00302,
0.2233333333,0.4366666667,0.4894117647,0.5521568627,0.5709803922,0.4847058824,0.104627451,8.047058824,0.2101960784,0.4776470588,0.9241176471,0.3356862745,0.6125490196,1.02745098,0.6616470588,0.1709803922,0.9284313725,0.7894117647,,-0.3172925,-0.2520031,NSGA_TANDEM/gen001/03_OPT/00/NSGA1_000/DES_00305,,1,03_OPT/00/NSGA1_000/DES_00305,
0.53,0.52,0.5811764706,0.4094117647,0.4776470588,0.5952941176,0.1041176471,4.588235294,0.4705882353,0.4478431373,0.9029411765,0.3905882353,0.6564705882,0.6509803922,0.6461176471,0.1564705882,0.9401960784,0.8419607843,,-0.7988229,-0.6122385,NSGA_TANDEM/gen001/03_OPT/00/NSGA1_000/DES_00306,,1,03_OPT/00/NSGA1_000/DES_00306,
0.5833333333,0.28,0.5058823529,0.4737254902,0.4694117647,0.5458823529,0.1097254902,3.929411765,0.5521568627,0.44,0.8952941176,0.3670588235,0.6203921569,0.7529411765,0.7505882353,0.1254901961,0.9421568627,0.8160784314,,-0.6354802,-0.5514342,NSGA_TANDEM/gen001/03_OPT/00/NSGA1_000/DES_00308,,1,03_OPT/00/NSGA1_000/DES_00308,
0.4,0.5433333333,0.5176470588,0.4721568627,0.4941176471,0.4352941176,0.1051372549,1.458823529,0.3921568627,0.4917647059,0.9494117647,0.3207843137,0.6290196078,1.223529412,0.5967058824,0.1768627451,0.918627451,0.7909803922,,-0.05843287,0.05691305,NSGA_TANDEM/gen001/03_OPT/00/NSGA1_000/DES_00310,,1,03_OPT/00/NSGA1_000/DES_00310,
0.2366666667,0.3466666667,0.4541176471,0.4470588235,0.4254901961,0.3035294118,0.1092156863,-0.8470588235,0.4329411765,0.5843137255,0.9494117647,0.3019607843,0.6564705882,1.239215686,0.5458823529,0.1752941176,0.9274509804,0.8090196078,,0.4755997,0.6043594,NSGA_TANDEM/gen001/03_OPT/00/NSGA1_000/DES_00311,,1,03_OPT/00/NSGA1_000/DES_00311,
0.3,0.4666666667,0.3082352941,0.4156862745,0.3815686275,0.4494117647,0.1127843137,7.223529412,0.3137254902,0.5247058824,0.9441176471,0.3309803922,0.6196078431,1.152941176,0.5698823529,0.1945098039,0.9205882353,0.8050980392,,0.1707308,0.3029566,NSGA_TANDEM/gen001/03_OPT/00/NSGA1_000/DES_00313,,1,03_OPT/00/NSGA1_000/DES_00313,
0.4233333333,0.6233333333,0.5105882353,0.5490196078,0.491372549,0.5811764706,0.1138039216,2.282352941,0.4329411765,0.377254902,0.9017647059,0.342745098,0.6117647059,1.184313725,0.6235294118,0.1901960784,0.912745098,0.8349019608,,-0.2556844,-0.002251322,NSGA_TANDEM/gen001/03_OPT/00/NSGA1_000/DES_00314,,1,03_OPT/00/NSGA1_000/DES_00314,
0.5166666667,0.4333333333,0.4988235294,0.48,0.5407843137,0.4729411765,0.1296078431,7.388235294,0.5176470588,0.3003921569,0.89,0.3152941176,0.6070588235,1.043137255,0.6955294118,0.1211764706,0.9490196078,0.7847058824,,-0.3262905,-0.3884393,NSGA_TANDEM/gen001/03_OPT/00/NSGA1_000/DES_00315,,1,03_OPT/00/NSGA1_000/DES_00315,
0.2133333333,0.3766666667,0.5835294118,0.5003921569,0.3541176471,0.3764705882,0.09443137255,-7.270588235,0.3356862745,0.5717647059,0.8970588235,0.3419607843,0.6329411765,1.184313725,0.7618823529,0.1674509804,0.8970588235,0.7666666667,,0.06754463,-0.2637802,NSGA_TANDEM/gen001/03_OPT/00/NSGA1_000/DES_00316,,1,03_OPT/00/NSGA1_000/DES_00316,
0.3333333333,0.7633333333,0.5058823529,0.4564705882,0.6258823529,0.4117647059,0.07709803922,9.2,0.2070588235,0.5843137255,0.8664705882,0.3223529412,0.6109803922,0.8549019608,0.7731764706,0.1403921569,0.9264705882,0.8317647059,,-0.7959762,-0.6017197,NSGA_TANDEM/gen001/03_OPT/00/NSGA1_000/DES_00317,,1,03_OPT/00/NSGA1_000/DES_00317,
0.17,0.3966666667,0.5505882353,0.4345098039,0.3047058824,0.4258823529,0.1061568627,-5.788235294,0.4737254902,0.4588235294,0.9452941176,0.297254902,0.6298039216,1.341176471,0.4809411765,0.1568627451,0.9107843137,0.7650980392,,-0.2502337,-0.5107433,NSGA_TANDEM/gen001/03_OPT/00/NSGA1_000/DES_00318,,1,03_OPT/00/NSGA1_000/DES_00318,
0.6633333333,0.6866666667,0.5011764706,0.4015686275,0.5682352941,0.56,0.1178823529,2.282352941,0.5301960784,0.4494117647,0.8958823529,0.36,0.6517647059,0.7607843137,0.6828235294,0.1552941176,0.9284313725,0.8419607843,,-0.2393671,0.1202354,NSGA_TANDEM/gen001/03_OPT/00/NSGA1_000/DES_00319,,1,03_OPT/00/NSGA1_000/DES_00319,
0.43,0.3766666667,0.5411764706,0.4407843137,0.2635294118,0.4047058824,0.1245098039,-7.6,0.3168627451,0.4478431373,0.9758823529,0.342745098,0.6054901961,1.223529412,0.6390588235,0.1384313725,0.9431372549,0.8129411765,,0.3531259,0.571419,NSGA_TANDEM/gen001/03_OPT/00/NSGA1_000/DES_00322,,1,03_OPT/00/NSGA1_000/DES_00322,
0.4,0.52,0.4494117647,0.5882352941,0.6478431373,0.5976470588,0.1117647059,7.058823529,0.5552941176,0.4541176471,0.8941176471,0.3615686275,0.7105882353,0.7215686275,0.5303529412,0.1662745098,0.8823529412,0.8192156863,,-0.3879614,-0.1483017,NSGA_TANDEM/gen001/03_OPT/00/NSGA1_000/DES_00323,,1,03_OPT/00/NSGA1_000/DES_00323,
0.1666666667,0.52,0.4564705882,0.4235294118,0.5078431373,0.3929411765,0.1087058824,-4.964705882,0.48,0.5545098039,0.8694117647,0.3388235294,0.6117647059,1.2,0.6997647059,0.1862745098,0.8343137255,0.7392156863,,0.7781268,0.5732154,NSGA_TANDEM/gen001/03_OPT/00/NSGA1_000/DES_00324,,1,03_OPT/00/NSGA1_000/DES_00324,
0.7333333333,0.39,0.5811764706,0.4235294118,0.6258823529,0.5082352941,0.1387843137,-5.788235294,0.6745098039,0.3992156863,0.8823529412,0.3968627451,0.6274509804,1.152941176,0.6941176471,0.1619607843,0.9098039216,0.8121568627,,1.067034,1.448465,NSGA_TANDEM/gen001/03_OPT/00/NSGA1_000/DES_00325,,1,03_OPT/00/NSGA1_000/DES_00325,
0.2033333333,0.3,0.5035294118,0.5411764706,0.5270588235,0.5576470588,0.1092156863,0.9647058824,0.6337254902,0.488627451,0.8894117647,0.3450980392,0.6109803922,0.9176470588,0.6432941176,0.1407843137,0.9068627451,0.8105882353,,-0.4703368,-0.2908488,NSGA_TANDEM/gen001/03_OPT/00/NSGA1_000/DES_00326,,1,03_OPT/00/NSGA1_000/DES_00326,
0.4166666667,0.31,0.4282352941,0.5082352941,0.4117647059,0.5317647059,0.07760784314,-10.72941176,0.32,0.4949019608,0.8694117647,0.3231372549,0.6258823529,0.862745098,0.6983529412,0.1458823529,0.9225490196,0.7588235294,,-0.3678258,-0.9518165,NSGA_TANDEM/gen001/03_OPT/00/NSGA1_000/DES_00327,,1,03_OPT/00/NSGA1_000/DES_00327,
0.3533333333,0.46,0.2541176471,0.4047058824,0.277254902,0.2988235294,0.1030980392,0.8,0.4266666667,0.5262745098,0.9576470588,0.2988235294,0.6211764706,1.490196078,0.5769411765,0.1768627451,0.9058823529,0.8309803922,,0.3206404,0.3794935,NSGA_TANDEM/gen001/03_OPT/00/NSGA1_000/DES_00328,,1,03_OPT/00/NSGA1_000/DES_00328,
0.4333333333,0.3966666667,0.5623529412,0.5960784314,0.4584313725,0.5435294118,0.1189019608,1.952941176,0.6807843137,0.4619607843,0.8823529412,0.3254901961,0.6298039216,0.9647058824,0.5868235294,0.1317647059,0.9,0.7956862745,,-0.3153001,-0.1725038,NSGA_TANDEM/gen001/03_OPT/00/NSGA1_000/DES_00329,,1,03_OPT/00/NSGA1_000/DES_00329,
0.6,0.3666666667,0.5505882353,0.5160784314,0.417254902,0.5364705882,0.07556862745,5.576470588,0.5364705882,0.4556862745,0.9217647059,0.3521568627,0.6101960784,1.215686275,0.6927058824,0.1145098039,0.931372549,0.7839215686,,-0.6758009,-1.081799,NSGA_TANDEM/gen001/03_OPT/00/NSGA1_000/DES_00330,,1,03_OPT/00/NSGA1_000/DES_00330,
0.2766666667,0.1533333333,0.3670588235,0.4423529412,0.4447058824,0.4447058824,0.09239215686,0.6352941176,0.2039215686,0.5560784314,0.9882352941,0.3764705882,0.6188235294,0.3607843137,0.5035294118,0.1650980392,0.9352941176,0.7909803922,,-0.6366745,-0.9705984,NSGA_TANDEM/gen001/03_OPT/00/NSGA1_000/DES_00331,,1,03_OPT/00/NSGA1_000/DES_00331,
0.1566666667,0.1866666667,0.4564705882,0.4674509804,0.3403921569,0.5223529412,0.1204313725,7.223529412,0.702745098,0.5043137255,0.9317647059,0.3278431373,0.6101960784,1.090196078,0.6192941176,0.1650980392,0.937254902,0.8090196078,,-0.2997474,-0.03436139,NSGA_TANDEM/gen001/03_OPT/00/NSGA1_000/DES_00332,,1,03_OPT/00/NSGA1_000/DES_00332,
0.5566666667,0.2866666667,0.3741176471,0.5945098039,0.3623529412,0.5364705882,0.1270588235,9.694117647,0.2509803922,0.4650980392,0.88,0.3741176471,0.6094117647,0.9725490196,0.6969411765,0.1403921569,0.8803921569,0.7462745098,,0.06948909,-0.144878,NSGA_TANDEM/gen001/03_OPT/00/NSGA1_000/DES_00333,,1,03_OPT/00/NSGA1_000/DES_00333,
0.6066666667,0.3566666667,0.4964705882,0.4941176471,0.3733333333,0.48,0.1204313725,3.435294118,0.4674509804,0.5701960784,0.9141176471,0.3937254902,0.6941176471,0.6509803922,0.6037647059,0.1478431373,0.918627451,0.7956862745,,0.1537463,0.1719646,NSGA_TANDEM/gen001/03_OPT/00/NSGA1_000/DES_00334,,1,03_OPT/00/NSGA1_000/DES_00334,
0.3966666667,0.3666666667,0.4682352941,0.4454901961,0.6258823529,0.5082352941,0.130627451,6.564705882,0.3356862745,0.471372549,0.9494117647,0.3443137255,0.6235294118,1.192156863,0.584,0.1705882353,0.9156862745,0.7674509804,,0.3396384,0.3153004,NSGA_TANDEM/gen001/03_OPT/00/NSGA1_000/DES_00335,,1,03_OPT/00/NSGA1_000/DES_00335,
0.37,0.5033333333,0.5788235294,0.5270588235,0.2141176471,0.5364705882,0.1459215686,11.67058824,0.7121568627,0.5011764706,0.8794117647,0.3498039216,0.617254902,1.317647059,0.584,0.1537254902,0.9254901961,0.7737254902,,0.6573783,0.8622101,NSGA_TANDEM/gen001/03_OPT/00/NSGA1_000/DES_00336,,1,03_OPT/00/NSGA1_000/DES_00336,
0.34,0.56,0.4517647059,0.4235294118,0.3650980392,0.4447058824,0.1260392157,-0.1882352941,0.4266666667,0.4117647059,0.9623529412,0.3505882353,0.6180392157,1.435294118,0.5289411765,0.1666666667,0.9352941176,0.7423529412,,0.3120482,-0.08555332,NSGA_TANDEM/gen001/03_OPT/00/NSGA1_000/DES_00337,,1,03_OPT/00/NSGA1_000/DES_00337,
0.3833333333,0.4166666667,0.4188235294,0.5850980392,0.4474509804,0.5905882353,0.1331764706,6.894117647,0.6180392157,0.4635294118,0.8582352941,0.2682352941,0.6290196078,1.301960784,0.7336470588,0.1392156863,0.9333333333,0.7839215686,,-0.0238501,0.1241119,NSGA_TANDEM/gen001/03_OPT/00/NSGA1_000/DES_00338,,1,03_OPT/00/NSGA1_000/DES_00338,
0.3133333333,0.2933333333,0.4988235294,0.5929411765,0.5160784314,0.4941176471,0.1148235294,-11.88235294,0.7466666667,0.3976470588,0.8670588235,0.3129411765,0.6478431373,1.254901961,0.6545882353,0.1403921569,0.9117647059,0.7690196078,,-0.3187844,-0.4171959,NSGA_TANDEM/gen001/03_OPT/00/NSGA1_000/DES_00339,,1,03_OPT/00/NSGA1_000/DES_00339,
0.2833333333,0.2466666667,0.4282352941,0.5552941176,0.422745098,0.4776470588,0.07862745098,2.117647059,0.2007843137,0.4305882353,0.9058823529,0.3309803922,0.6133333333,0.7294117647,0.6348235294,0.1576470588,0.9166666667,0.7854901961,,-0.5584388,-1.051199,NSGA_TANDEM/gen001/03_OPT/00/NSGA1_000/DES_00340,,1,03_OPT/00/NSGA1_000/DES_00340,
0.4066666667,0.18,0.4141176471,0.4705882353,0.4694117647,0.3435294118,0.1122745098,-10.07058824,0.417254902,0.5184313725,0.89,0.3309803922,0.6290196078,1.11372549,0.6588235294,0.1419607843,0.9078431373,0.7549019608,,0.01346405,-0.3707271,NSGA_TANDEM/gen001/03_OPT/00/NSGA1_000/DES_00341,,1,03_OPT/00/NSGA1_000/DES_00341,
0.65,0.2933333333,0.5529411765,0.4611764706,0.5270588235,0.5529411765,0.1168627451,-0.6823529412,0.6211764706,0.5137254902,0.9347058824,0.3756862745,0.6360784314,0.7294117647,0.6235294118,0.182745098,0.9215686275,0.8145098039,,-0.05371234,0.2332257,NSGA_TANDEM/gen001/03_OPT/00/NSGA1_000/DES_00342,,1,03_OPT/00/NSGA1_000/DES_00342,
0.56,0.4366666667,0.4447058824,0.511372549,0.6752941176,0.5105882353,0.1071764706,4.917647059,0.7215686275,0.5058823529,0.8911764706,0.3788235294,0.6541176471,0.9098039216,0.6051764706,0.1466666667,0.9450980392,0.7768627451,,-0.6160068,-0.6170772,NSGA_TANDEM/gen001/03_OPT/00/NSGA1_000/DES_00343,,1,03_OPT/00/NSGA1_000/DES_00343,
0.2533333333,0.4366666667,0.5035294118,0.417254902,0.4145098039,0.4447058824,0.09850980392,5.576470588,0.32,0.5968627451,0.9405882353,0.3050980392,0.6525490196,0.6823529412,0.4696470588,0.157254902,0.918627451,0.7862745098,,-0.4393693,-0.6645819,NSGA_TANDEM/gen001/03_OPT/00/NSGA1_000/DES_00344,,1,03_OPT/00/NSGA1_000/DES_00344,
0.5033333333,0.5366666667,0.48,0.4784313725,0.01921568627,0.4941176471,0.137254902,5.576470588,0.5270588235,0.4180392157,0.8811764706,0.3278431373,0.6345098039,0.7843137255,0.5741176471,0.1462745098,0.9450980392,0.7352941176,,0.1257146,-0.2001909,NSGA_TANDEM/gen001/03_OPT/00/NSGA1_000/DES_00345,,1,03_OPT/00/NSGA1_000/DES_00345,
0.4333333333,0.4866666667,0.4988235294,0.4721568627,0.5490196078,0.5035294118,0.1290980392,-6.611764706,0.3576470588,0.5592156863,0.9064705882,0.3545098039,0.6564705882,0.6745098039,0.7816470588,0.1415686275,0.9009803922,0.7188235294,,0.4415739,0.08851711,NSGA_TANDEM/gen001/03_OPT/00/NSGA1_000/DES_00346,,1,03_OPT/00/NSGA1_000/DES_00346,
0.3833333333,0.2566666667,0.4611764706,0.5678431373,0.5380392157,0.4541176471,0.1163529412,-10.89411765,0.2792156863,0.5356862745,0.91,0.3231372549,0.6298039216,0.5725490196,0.7152941176,0.1188235294,0.9058823529,0.7870588235,,-0.03260446,-0.2395303,NSGA_TANDEM/gen001/03_OPT/00/NSGA1_000/DES_00347,,1,03_OPT/00/NSGA1_000/DES_00347,
0.6666666667,0.6533333333,0.4682352941,0.5050980392,0.4419607843,0.4941176471,0.1102352941,8.047058824,0.4235294118,0.5137254902,0.8970588235,0.3278431373,0.6203921569,1.294117647,0.6277647059,0.1376470588,0.8774509804,0.828627451,,0.03472226,0.4863934,NSGA_TANDEM/gen001/03_OPT/00/NSGA1_000/DES_00348,,1,03_OPT/00/NSGA1_000/DES_00348,
0.4633333333,0.1966666667,0.5976470588,0.4721568627,0.6011764706,0.5129411765,0.09698039216,10.18823529,0.4360784314,0.4462745098,0.9464705882,0.3968627451,0.6062745098,0.4705882353,0.5938823529,0.1752941176,0.9323529412,0.7823529412,,-0.61193,-1.065312,NSGA_TANDEM/gen001/03_OPT/00/NSGA1_000/DES_00350,,1,03_OPT/00/NSGA1_000/DES_00350,
0.4533333333,0.2933333333,0.5576470588,0.6462745098,0.3952941176,0.5364705882,0.1413333333,3.929411765,0.5898039216,0.4698039216,0.8970588235,0.3560784314,0.6454901961,1.333333333,0.6404705882,0.1270588235,0.918627451,0.7282352941,,0.3381216,0.6058409,NSGA_TANDEM/gen001/03_OPT/00/NSGA1_000/DES_00351,,1,03_OPT/00/NSGA1_000/DES_00351,
0.3633333333,0.4733333333,0.5835294118,0.5035294118,0.4035294118,0.5458823529,0.1076862745,4.588235294,0.6682352941,0.4650980392,0.8617647059,0.3466666667,0.6274509804,1.560784314,0.6969411765,0.12,0.9049019608,0.7721568627,,-0.3863655,-0.3223185,NSGA_TANDEM/gen001/03_OPT/00/NSGA1_000/DES_00352,,1,03_OPT/00/NSGA1_000/DES_00352,
0.7133333333,0.28,0.5670588235,0.4501960784,0.3760784314,0.4729411765,0.1122745098,5.905882353,0.6023529412,0.4760784314,0.8688235294,0.368627451,0.6729411765,0.768627451,0.6757647059,0.1968627451,0.9245098039,0.828627451,,0.02622885,0.1079981,NSGA_TANDEM/gen001/03_OPT/00/NSGA1_000/DES_00353,,1,03_OPT/00/NSGA1_000/DES_00353,
0.2333333333,0.2866666667,0.3764705882,0.5066666667,0.422745098,0.4564705882,0.1117647059,-12.87058824,0.3984313725,0.5043137255,0.91,0.3466666667,0.6070588235,1.090196078,0.704,0.157254902,0.9019607843,0.7760784314,,0.009818501,-0.1709872,NSGA_TANDEM/gen001/03_OPT/00/NSGA1_000/DES_00354,,1,03_OPT/00/NSGA1_000/DES_00354,
0.3066666667,0.3533333333,0.5082352941,0.5850980392,0.6039215686,0.5388235294,0.1087058824,10.18823529,0.5647058824,0.5623529412,0.9011764706,0.3450980392,0.7396078431,0.9019607843,0.5331764706,0.1533333333,0.9176470588,0.7996078431,,-0.4711251,-0.1847463,NSGA_TANDEM/gen001/03_OPT/00/NSGA1_000/DES_00357,,1,03_OPT/00/NSGA1_000/DES_00357,
0.4833333333,0.5233333333,0.4964705882,0.591372549,0.488627451,0.4541176471,0.1209411765,4.588235294,0.671372549,0.5607843137,0.88,0.3733333333,0.6431372549,1.247058824,0.6729411765,0.1670588235,0.9058823529,0.7956862745,,0.9814455,1.338964,NSGA_TANDEM/gen001/03_OPT/00/NSGA1_000/DES_00359,,1,03_OPT/00/NSGA1_000/DES_00359,
0.33,0.5266666667,0.5176470588,0.4062745098,0.1180392157,0.4047058824,0.1178823529,1.129411765,0.4298039216,0.5309803922,0.96,0.3278431373,0.631372549,1.858823529,0.5684705882,0.1580392157,0.9362745098,0.7847058824,,0.6154004,0.7249222,NSGA_TANDEM/gen001/03_OPT/00/NSGA1_000/DES_00360,,1,03_OPT/00/NSGA1_000/DES_00360,
0.4933333333,0.6466666667,0.4964705882,0.4847058824,0.2745098039,0.4635294118,0.1484705882,2.117647059,0.6149019608,0.4070588235,0.8776470588,0.3247058824,0.64,1.294117647,0.5261176471,0.1501960784,0.9480392157,0.7635294118,,1.014209,0.9243668,NSGA_TANDEM/gen001/03_OPT/00/NSGA1_000/DES_00361,,1,03_OPT/00/NSGA1_000/DES_00361,
0.43,0.2966666667,0.3952941176,0.5176470588,0.4474509804,0.52,0.1051372549,8.376470588,0.4643137255,0.422745098,0.8994117647,0.3803921569,0.6274509804,1.11372549,0.704,0.1137254902,0.9205882353,0.748627451,,-0.4688663,-0.9699004,NSGA_TANDEM/gen001/03_OPT/00/NSGA1_000/DES_00363,,1,03_OPT/00/NSGA1_000/DES_00363,
0.63,0.39,0.4847058824,0.5584313725,0.348627451,0.4541176471,0.1102352941,6.564705882,0.4078431373,0.5529411765,0.9152941176,0.3717647059,0.648627451,1.568627451,0.728,0.1505882353,0.931372549,0.7525490196,,0.03499436,-0.02543771,NSGA_TANDEM/gen001/03_OPT/00/NSGA1_000/DES_00364,,1,03_OPT/00/NSGA1_000/DES_00364,
0.5433333333,0.26,0.5388235294,0.6305882353,0.4556862745,0.4258823529,0.08270588235,-15.34117647,0.4360784314,0.5639215686,0.8711764706,0.3450980392,0.6219607843,0.9568627451,0.7632941176,0.1156862745,0.887254902,0.7235294118,,-0.1973452,-0.8213311,NSGA_TANDEM/gen001/03_OPT/00/NSGA1_000/DES_00365,,1,03_OPT/00/NSGA1_000/DES_00365,
0.5766666667,0.34,0.5458823529,0.4643137255,0.6094117647,0.5035294118,0.1234901961,6.564705882,0.5552941176,0.488627451,0.8970588235,0.3929411765,0.7098039216,0.2431372549,0.6291764706,0.1596078431,0.9411764706,0.8215686275,,-0.1068196,0.2498141,NSGA_TANDEM/gen001/03_OPT/00/NSGA1_000/DES_00366,,1,03_OPT/00/NSGA1_000/DES_00366,
0.25,0.4033333333,0.4447058824,0.528627451,0.3925490196,0.5388235294,0.1489803922,4.917647059,0.5333333333,0.5403921569,0.9170588235,0.3082352941,0.6149019608,1.42745098,0.6305882353,0.1403921569,0.9450980392,0.757254902,,0.8201321,1.003468,NSGA_TANDEM/gen001/03_OPT/00/NSGA1_000/DES_00367,,1,03_OPT/00/NSGA1_000/DES_00367,
0.5833333333,0.28,0.5058823529,0.4737254902,0.4694117647,0.5388235294,0.1250196078,3.929411765,0.5521568627,0.44,0.8952941176,0.3670588235,0.6164705882,1.145098039,0.7505882353,0.1254901961,0.9431372549,0.8160784314,,-0.2485031,0.1738423,NSGA_TANDEM/gen001/03_OPT/00/NSGA1_000/DES_00368,,1,03_OPT/00/NSGA1_000/DES_00368,
0.6466666667,0.3666666667,0.56,0.4580392157,0.6341176471,0.5411764706,0.1413333333,6.894117647,0.6494117647,0.5184313725,0.8947058824,0.3254901961,0.6596078431,0.8078431373,0.5783529412,0.1415686275,0.9254901961,0.7305882353,,0.1244425,0.08765341,NSGA_TANDEM/gen001/03_OPT/00/NSGA1_000/DES_00369,,1,03_OPT/00/NSGA1_000/DES_00369,
0.5033333333,0.3866666667,0.4917647059,0.4658823529,0.5682352941,0.5858823529,0.1464313725,7.882352941,0.7090196078,0.4290196078,0.9147058824,0.3270588235,0.7176470588,0.4470588235,0.5529411765,0.1611764706,0.9274509804,0.8301960784,,0.0774118,0.5765793,NSGA_TANDEM/gen001/03_OPT/00/NSGA1_000/DES_00370,,1,03_OPT/00/NSGA1_000/DES_00370,
0.47,0.3733333333,0.4611764706,0.5694117647,0.5078431373,0.4352941176,0.1352156863,-8.258823529,0.5584313725,0.3882352941,0.8611764706,0.3247058824,0.6352941176,1.364705882,0.6221176471,0.1533333333,0.9392156863,0.8105882353,,0.6830219,1.007747,NSGA_TANDEM/gen001/03_OPT/00/NSGA1_000/DES_00371,,1,03_OPT/00/NSGA1_000/DES_00371,
0.6966666667,0.5133333333,0.4752941176,0.4847058824,0.5984313725,0.4588235294,0.1117647059,2.282352941,0.6431372549,0.5670588235,0.8911764706,0.3466666667,0.6729411765,0.9725490196,0.5938823529,0.1580392157,0.8784313725,0.7768627451,,0.1598161,0.09819666,NSGA_TANDEM/gen001/03_OPT/00/NSGA1_000/DES_00372,,1,03_OPT/00/NSGA1_000/DES_00372,
0.32,0.4033333333,0.5129411765,0.5474509804,0.4721568627,0.4988235294,0.1153333333,-11.22352941,0.3043137255,0.551372549,0.8658823529,0.328627451,0.6149019608,0.862745098,0.7632941176,0.1447058824,0.8960784314,0.7337254902,,0.1510412,-0.2190717,NSGA_TANDEM/gen001/03_OPT/00/NSGA1_000/DES_00373,,1,03_OPT/00/NSGA1_000/DES_00373,
0.7666666667,0.4766666667,0.5411764706,0.448627451,0.4254901961,0.5458823529,0.1275686275,0.3058823529,0.5019607843,0.5325490196,0.93,0.382745098,0.6282352941,0.7294117647,0.6503529412,0.188627451,0.9303921569,0.8349019608,,0.7594617,1.164889,NSGA_TANDEM/gen001/03_OPT/00/NSGA1_000/DES_00374,,1,03_OPT/00/NSGA1_000/DES_00374,
0.4166666667,0.4533333333,0.5341176471,0.4109803922,0.557254902,0.3811764706,0.08831372549,7.717647059,0.3482352941,0.4196078431,0.8870588235,0.2619607843,0.6180392157,1.247058824,0.7011764706,0.108627451,0.9098039216,0.7815686275,,-0.5900492,-1.069583,NSGA_TANDEM/gen001/03_OPT/00/NSGA1_000/DES_00375,,1,03_OPT/00/NSGA1_000/DES_00375,
0.3533333333,0.4233333333,0.5670588235,0.528627451,0.5298039216,0.5858823529,0.1362352941,11.67058824,0.4203921569,0.3725490196,0.94,0.3662745098,0.7450980392,0.5490196078,0.5854117647,0.162745098,0.9303921569,0.8176470588,,-0.195996,0.1247823,NSGA_TANDEM/gen001/03_OPT/00/NSGA1_000/DES_00376,,1,03_OPT/00/NSGA1_000/DES_00376,
0.3366666667,0.22,0.4894117647,0.4203921569,0.5764705882,0.5176470588,0.124,4.423529412,0.6807843137,0.4180392157,0.8894117647,0.3717647059,0.6501960784,1.003921569,0.5811764706,0.1666666667,0.9196078431,0.8215686275,,-0.2297378,0.14053,NSGA_TANDEM/gen001/03_OPT/00/NSGA1_000/DES_00378,,1,03_OPT/00/NSGA1_000/DES_00378,
0.2633333333,0.46,0.3482352941,0.4376470588,0.5380392157,0.4423529412,0.1336862745,4.423529412,0.3639215686,0.5607843137,0.9394117647,0.3019607843,0.6415686275,1.058823529,0.5515294118,0.1862745098,0.9215686275,0.7666666667,,1.188153,1.026875,NSGA_TANDEM/gen001/03_OPT/00/NSGA1_000/DES_00379,,1,03_OPT/00/NSGA1_000/DES_00379,
0.5066666667,0.3566666667,0.5035294118,0.4815686275,0.4666666667,0.4541176471,0.1102352941,10.84705882,0.3858823529,0.5388235294,0.93,0.337254902,0.6478431373,1.411764706,0.5882352941,0.1850980392,0.9411764706,0.7956862745,,-0.2050291,0.1055883,NSGA_TANDEM/gen001/03_OPT/00/NSGA1_000/DES_00380,,1,03_OPT/00/NSGA1_000/DES_00380,
0.5533333333,0.4333333333,0.3952941176,0.4439215686,0.422745098,0.5035294118,0.1219607843,-5.623529412,0.02823529412,0.5325490196,0.9288235294,0.3223529412,0.662745098,0.431372549,0.4569411765,0.157254902,0.8931372549,0.797254902,,0.06970801,-0.1269094,NSGA_TANDEM/gen001/03_OPT/00/NSGA1_000/DES_00381,,1,03_OPT/00/NSGA1_000/DES_00381,
0.27,0.4766666667,0.4258823529,0.4831372549,0.5243137255,0.5505882353,0.1331764706,1.129411765,0.3670588235,0.5639215686,0.94,0.3458823529,0.6768627451,0.4,0.4611764706,0.1858823529,0.887254902,0.8098039216,,0.8643035,1.004444,NSGA_TANDEM/gen001/03_OPT/00/NSGA1_000/DES_00382,,1,03_OPT/00/NSGA1_000/DES_00382,
0.5033333333,0.4166666667,0.3223529412,0.5741176471,0.6533333333,0.5176470588,0.1331764706,7.058823529,0.5803921569,0.5498039216,0.9029411765,0.368627451,0.6329411765,1.466666667,0.5444705882,0.1647058824,0.8921568627,0.8098039216,,1.212235,1.845695,NSGA_TANDEM/gen001/03_OPT/00/NSGA1_000/DES_00383,,1,03_OPT/00/NSGA1_000/DES_00383,
0.73,0.6166666667,0.5058823529,0.4501960784,0.5901960784,0.5011764706,0.1132941176,-0.8470588235,0.5647058824,0.4509803922,0.9105882353,0.3537254902,0.6588235294,0.9490196078,0.6658823529,0.1454901961,0.8931372549,0.8584313725,,0.01155805,0.3051006,NSGA_TANDEM/gen001/03_OPT/00/NSGA1_000/DES_00384,,1,03_OPT/00/NSGA1_000/DES_00384,
0.4033333333,0.28,0.3576470588,0.4188235294,0.348627451,0.4541176471,0.1102352941,-13.69411765,0.4611764706,0.4337254902,0.9211764706,0.3662745098,0.6360784314,1.239215686,0.7491764706,0.1533333333,0.9058823529,0.7658823529,,-0.1186798,-0.5014248,NSGA_TANDEM/gen001/03_OPT/00/NSGA1_000/DES_00385,,1,03_OPT/00/NSGA1_000/DES_00385,
0.4033333333,0.46,0.5905882353,0.6447058824,0.557254902,0.48,0.1331764706,-1.670588235,0.6494117647,0.4243137255,0.88,0.3168627451,0.6360784314,0.7215686275,0.6108235294,0.137254902,0.8411764706,0.7478431373,,0.4389961,0.2760842,NSGA_TANDEM/gen001/03_OPT/00/NSGA1_000/DES_00386,,1,03_OPT/00/NSGA1_000/DES_00386,
0.3,0.4066666667,0.5529411765,0.5521568627,0.5929411765,0.4211764706,0.1443921569,9.529411765,0.6211764706,0.4447058824,0.9052941176,0.3670588235,0.6988235294,0.9176470588,0.5021176471,0.1631372549,0.881372549,0.7768627451,,1.251426,1.243132,NSGA_TANDEM/gen001/03_OPT/00/NSGA1_000/DES_00387,,1,03_OPT/00/NSGA1_000/DES_00387,
0.18,0.37,0.3317647059,0.4392156863,0.4529411765,0.5976470588,0.1183921569,4.094117647,0.4674509804,0.5952941176,0.9517647059,0.3529411765,0.6180392157,1.2,0.5811764706,0.1725490196,0.9235294118,0.7784313725,,-0.07196518,0.01789135,NSGA_TANDEM/gen001/03_OPT/00/NSGA1_000/DES_00388,,1,03_OPT/00/NSGA1_000/DES_00388,
0.4833333333,0.4733333333,0.5129411765,0.4250980392,0.3815686275,0.4964705882,0.1000392157,10.84705882,0.2101960784,0.5011764706,0.9011764706,0.3694117647,0.6062745098,1.37254902,0.7378823529,0.1454901961,0.9382352941,0.771372549,,-0.4700908,-0.6688855,NSGA_TANDEM/gen001/03_OPT/00/NSGA1_000/DES_00390,,1,03_OPT/00/NSGA1_000/DES_00390,
0.4733333333,0.3533333333,0.3552941176,0.4047058824,0.4639215686,0.44,0.1449019608,-3.976470588,0.2039215686,0.5701960784,0.9682352941,0.32,0.6807843137,0.4156862745,0.4837647059,0.1454901961,0.912745098,0.7847058824,,1.006401,0.7876231,NSGA_TANDEM/gen001/03_OPT/00/NSGA1_000/DES_00392,,1,03_OPT/00/NSGA1_000/DES_00392,
0.47,0.4233333333,0.5552941176,0.6070588235,0.6231372549,0.48,0.1387843137,-3.647058824,0.5333333333,0.4682352941,0.8547058824,0.3215686275,0.6250980392,0.9960784314,0.5783529412,0.1345098039,0.9009803922,0.7556862745,,0.599735,0.717513,NSGA_TANDEM/gen001/03_OPT/00/NSGA1_000/DES_00393,,1,03_OPT/00/NSGA1_000/DES_00393,
0.18,0.5733333333,0.5482352941,0.431372549,0.348627451,0.5670588235,0.1076862745,-2.988235294,0.5835294118,0.457254902,0.9864705882,0.3168627451,0.6149019608,1.858823529,0.5247058824,0.1568627451,0.9058823529,0.7517647059,,-0.2411647,-0.3346246,NSGA_TANDEM/gen001/03_OPT/00/NSGA1_000/DES_00394,,1,03_OPT/00/NSGA1_000/DES_00394,
0.4466666667,0.39,0.4235294118,0.4564705882,0.562745098,0.4423529412,0.1097254902,4.752941176,0.64,0.2580392157,0.8947058824,0.311372549,0.6141176471,0.9803921569,0.7463529412,0.1176470588,0.9215686275,0.7847058824,,-0.462888,-0.9840935,NSGA_TANDEM/gen001/03_OPT/00/NSGA1_000/DES_00396,,1,03_OPT/00/NSGA1_000/DES_00396,
0.3233333333,0.42,0.3929411765,0.4533333333,0.562745098,0.4517647059,0.1250196078,1.623529412,0.3356862745,0.5152941176,0.9441176471,0.3231372549,0.6282352941,1.42745098,0.5769411765,0.1858823529,0.9264705882,0.7854901961,,0.8158085,1.010785,NSGA_TANDEM/gen001/03_OPT/00/NSGA1_000/DES_00397,,1,03_OPT/00/NSGA1_000/DES_00397,
0.5666666667,0.3066666667,0.5576470588,0.5411764706,0.6725490196,0.44,0.1189019608,-0.8470588235,0.5678431373,0.4823529412,0.8958823529,0.3505882353,0.6588235294,0.8470588235,0.5444705882,0.1396078431,0.8901960784,0.7823529412,,0.01116653,0.001095691,NSGA_TANDEM/gen001/03_OPT/00/NSGA1_000/DES_00398,,1,03_OPT/00/NSGA1_000/DES_00398,
0.61,0.8366666667,0.4305882353,0.4596078431,0.6149019608,0.5152941176,0.1270588235,0.1411764706,0.5207843137,0.4352941176,0.8811764706,0.3545098039,0.6352941176,0.8235294118,0.7124705882,0.1490196078,0.937254902,0.8301960784,,0.2915076,0.8078485,NSGA_TANDEM/gen001/03_OPT/00/NSGA1_000/DES_00399,,1,03_OPT/00/NSGA1_000/DES_00399,
0.3533333333,0.5833333333,0.5270588235,0.4564705882,0.211372549,0.4752941176,0.1143137255,1.129411765,0.4015686275,0.5419607843,0.88,0.3262745098,0.6007843137,1.074509804,0.6461176471,0.1749019608,0.8774509804,0.7439215686,,0.3939247,-0.03265968,NSGA_TANDEM/gen001/03_OPT/00/NSGA1_000/DES_00400,,1,03_OPT/00/NSGA1_000/DES_00400,
0.2833333333,0.7033333333,0.4,0.417254902,0.5956862745,0.5105882353,0.08066666667,4.917647059,0.128627451,0.5811764706,0.8841176471,0.3247058824,0.6117647059,0.7137254902,0.7802352941,0.1290196078,0.9078431373,0.8356862745,,-0.6187518,-0.6535855,NSGA_TANDEM/gen001/03_OPT/00/NSGA1_000/DES_00401,,1,03_OPT/00/NSGA1_000/DES_00401,
0.5,0.5033333333,0.4447058824,0.4517647059,0.422745098,0.4447058824,0.1382745098,3.435294118,0.08784313725,0.5403921569,0.9582352941,0.3066666667,0.662745098,0.3450980392,0.5063529412,0.1345098039,0.8862745098,0.8152941176,,0.8621689,0.7964526,NSGA_TANDEM/gen001/03_OPT/00/NSGA1_000/DES_00402,,1,03_OPT/00/NSGA1_000/DES_00402,
0.5333333333,0.5933333333,0.4470588235,0.5098039216,0.4666666667,0.4047058824,0.1030980392,-2.658823529,0.32,0.4870588235,0.8976470588,0.3529411765,0.6250980392,1.505882353,0.68,0.1321568627,0.8833333333,0.8152941176,,0.231546,0.5862412,NSGA_TANDEM/gen001/03_OPT/00/NSGA1_000/DES_00403,,1,03_OPT/00/NSGA1_000/DES_00403,
0.4566666667,0.59,0.5411764706,0.5458823529,0.282745098,0.5317647059,0.1025882353,1.458823529,0.3984313725,0.4682352941,0.8835294118,0.3403921569,0.6156862745,1.247058824,0.6418823529,0.1890196078,0.8882352941,0.8411764706,,-0.1045304,0.03956423,NSGA_TANDEM/gen001/03_OPT/00/NSGA1_000/DES_00404,,1,03_OPT/00/NSGA1_000/DES_00404,
0.3,0.8466666667,0.4352941176,0.4266666667,0.6066666667,0.3764705882,0.0531372549,10.68235294,0.3858823529,0.5952941176,0.8723529412,0.3121568627,0.6007843137,0.831372549,0.7604705882,0.1380392157,0.9205882353,0.8411764706,,-0.7932932,-1.377201,NSGA_TANDEM/gen001/03_OPT/00/NSGA1_000/DES_00405,,1,03_OPT/00/NSGA1_000/DES_00405,
0.5433333333,0.3033333333,0.4752941176,0.5066666667,0.4694117647,0.5976470588,0.1061568627,0.8,0.5176470588,0.4274509804,0.8764705882,0.3647058824,0.6360784314,0.862745098,0.7774117647,0.117254902,0.9382352941,0.8176470588,,-0.7309716,-0.7079118,NSGA_TANDEM/gen001/03_OPT/00/NSGA1_000/DES_00406,,1,03_OPT/00/NSGA1_000/DES_00406,
0.3733333333,0.3633333333,0.5811764706,0.4988235294,0.4556862745,0.4964705882,0.1122745098,1.952941176,0.4015686275,0.5811764706,0.8841176471,0.3490196078,0.6203921569,0.737254902,0.7985882353,0.1356862745,0.9039215686,0.7407843137,,0.04086022,-0.3467382,NSGA_TANDEM/gen001/03_OPT/00/NSGA1_000/DES_00407,,1,03_OPT/00/NSGA1_000/DES_00407,
0.5366666667,0.3166666667,0.4635294118,0.4784313725,0.2580392157,0.4329411765,0.1143137255,7.552941176,0.511372549,0.582745098,0.8905882353,0.3678431373,0.6329411765,1.192156863,0.7604705882,0.1384313725,0.9068627451,0.7431372549,,0.1387854,-0.2593685,NSGA_TANDEM/gen001/03_OPT/00/NSGA1_000/DES_00408,,1,03_OPT/00/NSGA1_000/DES_00408,
0.3866666667,0.2766666667,0.44,0.5207843137,0.1976470588,0.4917647059,0.1301176471,-0.3529411765,0.5458823529,0.5011764706,0.8917647059,0.3223529412,0.6298039216,1.396078431,0.6094117647,0.1380392157,0.8990196078,0.7517647059,,0.3292982,0.1591373,NSGA_TANDEM/gen001/03_OPT/00/NSGA1_000/DES_00409,,1,03_OPT/00/NSGA1_000/DES_00409,
0.5466666667,0.3633333333,0.4611764706,0.6180392157,0.6560784314,0.5105882353,0.1474509804,10.68235294,0.5364705882,0.4949019608,0.9247058824,0.3866666667,0.6941176471,0.5411764706,0.5190588235,0.1698039216,0.9098039216,0.8003921569,,0.9576745,1.302721,NSGA_TANDEM/gen001/03_OPT/00/NSGA1_000/DES_00410,,1,03_OPT/00/NSGA1_000/DES_00410,
0.3866666667,0.37,0.5741176471,0.4658823529,0.6176470588,0.5411764706,0.1199215686,-1.505882353,0.5835294118,0.4729411765,0.8552941176,0.3239215686,0.631372549,1.341176471,0.6150588235,0.1623529412,0.9490196078,0.8058823529,,-0.3346537,0.1681846,NSGA_TANDEM/gen001/03_OPT/00/NSGA1_000/DES_00411,,1,03_OPT/00/NSGA1_000/DES_00411,
0.4733333333,0.3433333333,0.5388235294,0.5254901961,0.5215686275,0.5435294118,0.1250196078,4.917647059,0.3921568627,0.5749019608,0.8917647059,0.2964705882,0.7035294118,1.333333333,0.536,0.1517647059,0.931372549,0.8184313725,,0.0503829,0.7920985,NSGA_TANDEM/gen001/03_OPT/00/NSGA1_000/DES_00412,,1,03_OPT/00/NSGA1_000/DES_00412,
0.45,0.6066666667,0.5364705882,0.4925490196,0.6121568627,0.4494117647,0.1438823529,6.235294118,0.5992156863,0.3333333333,0.8994117647,0.288627451,0.6149019608,1.239215686,0.7294117647,0.1250980392,0.9490196078,0.7549019608,,0.3533693,0.2095298,NSGA_TANDEM/gen001/03_OPT/00/NSGA1_000/DES_00413,,1,03_OPT/00/NSGA1_000/DES_00413,
0.5433333333,0.3733333333,0.4117647059,0.4407843137,0.5270588235,0.4517647059,0.1122745098,3.6,0.5396078431,0.5764705882,0.9029411765,0.351372549,0.662745098,1.631372549,0.5995294118,0.1960784314,0.9323529412,0.797254902,,0.3102968,0.5985188,NSGA_TANDEM/gen001/03_OPT/00/NSGA1_000/DES_00414,,1,03_OPT/00/NSGA1_000/DES_00414,
0.4333333333,0.6333333333,0.4588235294,0.4674509804,0.5901960784,0.4047058824,0.08474509804,6.894117647,0.3074509804,0.5984313725,0.8552941176,0.3050980392,0.608627451,0.6588235294,0.7604705882,0.1466666667,0.8970588235,0.8364705882,,-0.4621598,-0.3342031,NSGA_TANDEM/gen001/03_OPT/00/NSGA1_000/DES_00416,,1,03_OPT/00/NSGA1_000/DES_00416,
0.4366666667,0.6066666667,0.5788235294,0.4564705882,0.5298039216,0.3764705882,0.09341176471,10.51764706,0.2101960784,0.5858823529,0.8752941176,0.2933333333,0.608627451,1.160784314,0.7872941176,0.1541176471,0.8960784314,0.8247058824,,-0.02907484,0.1950486,NSGA_TANDEM/gen001/03_OPT/00/NSGA1_000/DES_00418,,1,03_OPT/00/NSGA1_000/DES_00418,
0.3566666667,0.28,0.52,0.4658823529,0.562745098,0.4752941176,0.1311372549,6.729411765,0.6556862745,0.4729411765,0.8770588235,0.3796078431,0.6282352941,1.317647059,0.5712941176,0.1631372549,0.9333333333,0.8043137255,,0.3075326,0.7573952,NSGA_TANDEM/gen001/03_OPT/00/NSGA1_000/DES_00419,,1,03_OPT/00/NSGA1_000/DES_00419,
0.3433333333,0.6833333333,0.5247058824,0.4784313725,0.6478431373,0.5105882353,0.1051372549,2.117647059,0.1976470588,0.52,0.8847058824,0.3160784314,0.6274509804,1.239215686,0.704,0.1411764706,0.9470588235,0.8403921569,,-0.3910087,0.131598,NSGA_TANDEM/gen001/03_OPT/00/NSGA1_000/DES_00420,,1,03_OPT/00/NSGA1_000/DES_00420,
0.4566666667,0.4466666667,0.5411764706,0.5458823529,0.282745098,0.5317647059,0.1025882353,1.458823529,0.4894117647,0.4682352941,0.8835294118,0.3741176471,0.6564705882,1.247058824,0.6418823529,0.1890196078,0.8882352941,0.8294117647,,-0.146749,0.02233631,NSGA_TANDEM/gen001/03_OPT/00/NSGA1_000/DES_00421,,1,03_OPT/00/NSGA1_000/DES_00421,
0.3366666667,0.4266666667,0.3082352941,0.4156862745,0.4776470588,0.5082352941,0.1143137255,-12.37647059,0.3388235294,0.5137254902,0.9217647059,0.3552941176,0.6392156863,0.7450980392,0.704,0.1482352941,0.8843137255,0.7831372549,,0.03809388,-0.2916002,NSGA_TANDEM/gen001/03_OPT/00/NSGA1_000/DES_00422,,1,03_OPT/00/NSGA1_000/DES_00422,
0.2433333333,0.15,0.5529411765,0.5380392157,0.4996078431,0.4329411765,0.1143137255,-5.788235294,0.2980392157,0.5168627451,0.9247058824,0.3168627451,0.6329411765,0.6588235294,0.7675294118,0.1145098039,0.9431372549,0.8184313725,,-0.1165043,0.09456388,NSGA_TANDEM/gen001/03_OPT/00/NSGA1_000/DES_00426,,1,03_OPT/00/NSGA1_000/DES_00426,
0.6666666667,0.47,0.5458823529,0.4282352941,0.3596078431,0.5882352941,0.1296078431,7.223529412,0.5552941176,0.5058823529,0.9417647059,0.3764705882,0.622745098,0.7215686275,0.6743529412,0.1835294118,0.9352941176,0.8160784314,,0.2890301,0.6191477,NSGA_TANDEM/gen001/03_OPT/00/NSGA1_000/DES_00427,,1,03_OPT/00/NSGA1_000/DES_00427,
0.5466666667,0.5466666667,0.3294117647,0.4596078431,0.4117647059,0.5223529412,0.1255294118,-5.294117647,0.07215686275,0.4933333333,0.9164705882,0.2980392157,0.648627451,0.4392156863,0.4583529412,0.1670588235,0.8617647059,0.8301960784,,0.4354995,0.4566876,NSGA_TANDEM/gen001/03_OPT/00/NSGA1_000/DES_00428,,1,03_OPT/00/NSGA1_000/DES_00428,
0.21,0.3433333333,0.3411764706,0.4643137255,0.5243137255,0.5811764706,0.1138039216,6.235294118,0.3607843137,0.5701960784,0.9729411765,0.3521568627,0.6368627451,1.490196078,0.5515294118,0.1917647059,0.9382352941,0.7956862745,,-0.2624471,0.1697637,NSGA_TANDEM/gen001/03_OPT/00/NSGA1_000/DES_00429,,1,03_OPT/00/NSGA1_000/DES_00429,
0.5266666667,0.41,0.4070588235,0.4909803922,0.3074509804,0.5411764706,0.110745098,6.070588235,0.3074509804,0.4415686275,0.8794117647,0.3443137255,0.6705882353,1.576470588,0.7209411765,0.1443137255,0.9225490196,0.7541176471,,-0.2687791,-0.5352393,NSGA_TANDEM/gen001/03_OPT/00/NSGA1_000/DES_00431,,1,03_OPT/00/NSGA1_000/DES_00431,
0.6066666667,0.2733333333,0.5152941176,0.4533333333,0.6039215686,0.5341176471,0.1102352941,2.282352941,0.5458823529,0.4494117647,0.8523529412,0.3294117647,0.6117647059,1.239215686,0.6545882353,0.1764705882,0.8931372549,0.7996078431,,-0.2853531,-0.1401631,NSGA_TANDEM/gen001/03_OPT/00/NSGA1_000/DES_00432,,1,03_OPT/00/NSGA1_000/DES_00432,
0.46,0.4966666667,0.5788235294,0.4737254902,0.4749019608,0.5176470588,0.09035294118,3.929411765,0.4894117647,0.4243137255,0.9147058824,0.3905882353,0.6392156863,0.831372549,0.6941176471,0.1545098039,0.9049019608,0.8458823529,,-0.753674,-0.7490087,NSGA_TANDEM/gen001/03_OPT/00/NSGA1_000/DES_00433,,1,03_OPT/00/NSGA1_000/DES_00433,
0.7333333333,0.53,0.4611764706,0.4031372549,0.6231372549,0.5082352941,0.130627451,-0.1882352941,0.7560784314,0.4211764706,0.8888235294,0.3239215686,0.6658823529,1.105882353,0.6771764706,0.1482352941,0.8519607843,0.8482352941,,1.034129,1.306227,NSGA_TANDEM/gen001/03_OPT/00/NSGA1_000/DES_00434,,1,03_OPT/00/NSGA1_000/DES_00434,
0.41,0.9466666667,0.5717647059,0.4564705882,0.5517647059,0.2988235294,0.0531372549,9.529411765,0.4047058824,0.5670588235,0.8905882353,0.3192156863,0.6219607843,0.7137254902,0.7590588235,0.1278431373,0.9137254902,0.8223529412,,-0.6973558,-1.197239,NSGA_TANDEM/gen001/03_OPT/00/NSGA1_000/DES_00435,,1,03_OPT/00/NSGA1_000/DES_00435,
0.4966666667,0.32,0.5764705882,0.4470588235,0.351372549,0.5905882353,0.09341176471,8.211764706,0.608627451,0.4729411765,0.88,0.3137254902,0.6290196078,1.552941176,0.6531764706,0.1168627451,0.9088235294,0.7807843137,,-0.7347138,-0.9997507,NSGA_TANDEM/gen001/03_OPT/00/NSGA1_000/DES_00436,,1,03_OPT/00/NSGA1_000/DES_00436,
0.2533333333,0.5,0.4823529412,0.4047058824,0.4337254902,0.3835294118,0.1025882353,-3.976470588,0.3858823529,0.4509803922,0.9441176471,0.3450980392,0.6337254902,1.333333333,0.5529411765,0.157254902,0.9392156863,0.7674509804,,-0.2835732,-0.5029853,NSGA_TANDEM/gen001/03_OPT/00/NSGA1_000/DES_00437,,1,03_OPT/00/NSGA1_000/DES_00437,
0.2933333333,0.3966666667,0.5976470588,0.4611764706,0.3678431373,0.4870588235,0.1041176471,8.870588235,0.3074509804,0.5905882353,0.9511764706,0.2603921569,0.6619607843,0.7764705882,0.4583529412,0.1552941176,0.9421568627,0.7933333333,,-0.6307425,-0.563206,NSGA_TANDEM/gen001/03_OPT/00/NSGA1_000/DES_00439,,1,03_OPT/00/NSGA1_000/DES_00439,
0.3133333333,0.46,0.4894117647,0.4250980392,0.3047058824,0.5129411765,0.1158431373,-11.55294118,0.4298039216,0.5403921569,0.8688235294,0.3388235294,0.6188235294,1.262745098,0.728,0.1631372549,0.8882352941,0.7125490196,,0.2094595,-0.314371,NSGA_TANDEM/gen001/03_OPT/00/NSGA1_000/DES_00442,,1,03_OPT/00/NSGA1_000/DES_00442,
0.27,0.4033333333,0.4305882353,0.4031372549,0.42,0.4329411765,0.08780392157,-1.011764706,0.382745098,0.5607843137,0.9094117647,0.3317647059,0.631372549,0.6980392157,0.4696470588,0.1611764706,0.9235294118,0.7666666667,,-0.4870896,-0.9744302,NSGA_TANDEM/gen001/03_OPT/00/NSGA1_000/DES_00443,,1,03_OPT/00/NSGA1_000/DES_00443,
0.7366666667,0.4566666667,0.5670588235,0.4047058824,0.4611764706,0.5811764706,0.136745098,2.941176471,0.4517647059,0.4698039216,0.9411764706,0.3788235294,0.6211764706,0.462745098,0.7251764706,0.1803921569,0.9019607843,0.8270588235,,0.9808423,1.22055,NSGA_TANDEM/gen001/03_OPT/00/NSGA1_000/DES_00444,,1,03_OPT/00/NSGA1_000/DES_00444,
0.42,0.24,0.3717647059,0.4564705882,0.3733333333,0.3435294118,0.1341960784,-6.941176471,0.48,0.5419607843,0.8770588235,0.3215686275,0.6243137255,1.035294118,0.6432941176,0.1247058824,0.9225490196,0.7431372549,,0.6526038,0.3681524,NSGA_TANDEM/gen001/03_OPT/00/NSGA1_000/DES_00445,,1,03_OPT/00/NSGA1_000/DES_00445,
0.4433333333,0.55,0.4917647059,0.4156862745,0.6066666667,0.5247058824,0.1051372549,-6.941176471,0.5584313725,0.4070588235,0.8723529412,0.3560784314,0.622745098,1.043137255,0.7407058824,0.1533333333,0.9058823529,0.8325490196,,-0.4118258,-0.1284502,NSGA_TANDEM/gen001/03_OPT/00/NSGA1_000/DES_00446,,1,03_OPT/00/NSGA1_000/DES_00446,
0.5733333333,0.65,0.5129411765,0.4015686275,0.6176470588,0.3858823529,0.1143137255,9.2,0.511372549,0.3709803922,0.9105882353,0.2596078431,0.6078431373,1.137254902,0.7647058824,0.1231372549,0.9088235294,0.7478431373,,-0.1910719,-0.7037267,NSGA_TANDEM/gen001/03_OPT/00/NSGA1_000/DES_00447,,1,03_OPT/00/NSGA1_000/DES_00447,
0.3433333333,0.1566666667,0.4047058824,0.5098039216,0.4803921569,0.4611764706,0.1087058824,-10.89411765,0.3419607843,0.5043137255,0.9064705882,0.3380392157,0.6188235294,0.6196078431,0.7534117647,0.1466666667,0.9009803922,0.7643137255,,-0.1286657,-0.7401287,NSGA_TANDEM/gen001/03_OPT/00/NSGA1_000/DES_00448,,1,03_OPT/00/NSGA1_000/DES_00448,
0.4966666667,0.2933333333,0.5647058824,0.4705882353,0.5517647059,0.3905882353,0.1168627451,9.035294118,0.6807843137,0.4321568627,0.8758823529,0.3850980392,0.6321568627,1.411764706,0.6164705882,0.1666666667,0.9421568627,0.8278431373,,-0.1233984,0.2450462,NSGA_TANDEM/gen001/03_OPT/00/NSGA1_000/DES_00450,,1,03_OPT/00/NSGA1_000/DES_00450,
0.2733333333,0.3666666667,0.5294117647,0.4062745098,0.4556862745,0.5623529412,0.1321568627,4.917647059,0.6682352941,0.4211764706,0.8858823529,0.3529411765,0.6250980392,0.8862745098,0.6983529412,0.1231372549,0.9382352941,0.7823529412,,-0.2729011,-0.3478228,NSGA_TANDEM/gen001/03_OPT/00/NSGA1_000/DES_00451,,1,03_OPT/00/NSGA1_000/DES_00451,
0.9233333333,0.5166666667,0.5058823529,0.4219607843,0.4639215686,0.5647058824,0.1280784314,3.270588235,0.6525490196,0.4839215686,0.9317647059,0.3733333333,0.6274509804,0.8549019608,0.6941176471,0.1858823529,0.9039215686,0.8458823529,,0.8515249,1.156286,NSGA_TANDEM/gen001/03_OPT/00/NSGA1_000/DES_00452,,1,03_OPT/00/NSGA1_000/DES_00452,
0.2233333333,0.2733333333,0.4729411765,0.5882352941,0.6698039216,0.5035294118,0.08984313725,9.858823529,0.6149019608,0.5121568627,0.8952941176,0.3309803922,0.7388235294,0.8941176471,0.5967058824,0.1611764706,0.9098039216,0.828627451,,-0.8898595,-0.666772,NSGA_TANDEM/gen001/03_OPT/00/NSGA1_000/DES_00453,,1,03_OPT/00/NSGA1_000/DES_00453,
0.5966666667,0.4066666667,0.5694117647,0.4909803922,0.491372549,0.5482352941,0.07403921569,-0.3529411765,0.5145098039,0.4807843137,0.9070588235,0.337254902,0.6392156863,1.129411765,0.6644705882,0.137254902,0.9343137255,0.7956862745,,-0.7954539,-1.155611,NSGA_TANDEM/gen001/03_OPT/00/NSGA1_000/DES_00454,,1,03_OPT/00/NSGA1_000/DES_00454,
0.2333333333,0.37,0.4682352941,0.4329411765,0.4419607843,0.4611764706,0.1387843137,-3.647058824,0.4643137255,0.4133333333,0.9652941176,0.3505882353,0.6352941176,1.317647059,0.5712941176,0.1643137255,0.8980392157,0.7345098039,,0.7832902,0.6747079,NSGA_TANDEM/gen001/03_OPT/00/NSGA1_000/DES_00455,,1,03_OPT/00/NSGA1_000/DES_00455,
0.61,0.3966666667,0.4658823529,0.4470588235,0.6396078431,0.3976470588,0.124,11.34117647,0.4894117647,0.3129411765,0.9147058824,0.3098039216,0.6203921569,1.270588235,0.6545882353,0.1105882353,0.9490196078,0.7768627451,,-0.4725293,-0.4905713,NSGA_TANDEM/gen001/03_OPT/00/NSGA1_000/DES_00456,,1,03_OPT/00/NSGA1_000/DES_00456,
0.3266666667,0.45,0.5341176471,0.5019607843,0.5874509804,0.5764705882,0.1102352941,-2.988235294,0.4894117647,0.3082352941,0.8758823529,0.3568627451,0.6478431373,0.7607843137,0.6941176471,0.1443137255,0.9117647059,0.7870588235,,-0.4707401,-0.9151995,NSGA_TANDEM/gen001/03_OPT/00/NSGA1_000/DES_00457,,1,03_OPT/00/NSGA1_000/DES_00457,
0.5166666667,0.4,0.3905882353,0.5145098039,0.4337254902,0.5458823529,0.1194117647,5.082352941,0.4705882353,0.5090196078,0.9,0.3262745098,0.6125490196,1.223529412,0.6814117647,0.1529411765,0.9323529412,0.7690196078,,-0.1707635,-0.2325407,NSGA_TANDEM/gen001/03_OPT/00/NSGA1_000/DES_00458,,1,03_OPT/00/NSGA1_000/DES_00458,
0.3766666667,0.67,0.3482352941,0.4125490196,0.4501960784,0.5247058824,0.1265490196,4.588235294,0.128627451,0.4901960784,0.9652941176,0.3278431373,0.6768627451,0.5803921569,0.4625882353,0.1815686275,0.9254901961,0.8105882353,,0.3342215,0.6315838,NSGA_TANDEM/gen001/03_OPT/00/NSGA1_000/DES_00459,,1,03_OPT/00/NSGA1_000/DES_00459,
0.25,0.3333333333,0.5341176471,0.4439215686,0.2580392157,0.5011764706,0.09952941176,1.788235294,0.5992156863,0.5388235294,0.96,0.2964705882,0.6274509804,1.388235294,0.5091764706,0.1592156863,0.8931372549,0.788627451,,-0.4228868,-0.4507818,NSGA_TANDEM/gen001/03_OPT/00/NSGA1_000/DES_00460,,1,03_OPT/00/NSGA1_000/DES_00460,
0.5466666667,0.4833333333,0.5694117647,0.5003921569,0.4254901961,0.5764705882,0.1117647059,8.211764706,0.3231372549,0.488627451,0.8747058824,0.3819607843,0.6,1.301960784,0.6432941176,0.1470588235,0.912745098,0.7839215686,,-0.3780426,-0.2308885,NSGA_TANDEM/gen001/03_OPT/00/NSGA1_000/DES_00462,,1,03_OPT/00/NSGA1_000/DES_00462,
0.2533333333,0.4966666667,0.3176470588,0.4062745098,0.5545098039,0.5270588235,0.110745098,0.6352941176,0.3733333333,0.5592156863,0.9082352941,0.3184313725,0.6258823529,1.02745098,0.5444705882,0.1647058824,0.9284313725,0.7705882353,,-0.2284004,-0.3482793,NSGA_TANDEM/gen001/03_OPT/00/NSGA1_000/DES_00463,,1,03_OPT/00/NSGA1_000/DES_00463,
0.48,0.2666666667,0.4847058824,0.6729411765,0.5050980392,0.5905882353,0.1005490196,-1.670588235,0.6619607843,0.4478431373,0.8811764706,0.3450980392,0.6376470588,1.152941176,0.56,0.1458823529,0.9245098039,0.7752941176,,-0.7358653,-0.9616991,NSGA_TANDEM/gen001/03_OPT/00/NSGA1_000/DES_00464,,1,03_OPT/00/NSGA1_000/DES_00464,
0.3833333333,0.45,0.44,0.4282352941,0.5490196078,0.4870588235,0.1143137255,4.094117647,0.3325490196,0.5231372549,0.9423529412,0.3356862745,0.6454901961,0.9333333333,0.5444705882,0.1698039216,0.9245098039,0.7807843137,,-0.09702025,-0.08207447,NSGA_TANDEM/gen001/03_OPT/00/NSGA1_000/DES_00465,,1,03_OPT/00/NSGA1_000/DES_00465,
0.1566666667,0.1966666667,0.3788235294,0.4517647059,0.5243137255,0.5458823529,0.0837254902,-2.823529412,0.5333333333,0.5309803922,0.9247058824,0.2996078431,0.6101960784,1.160784314,0.6390588235,0.1462745098,0.9274509804,0.7831372549,,-0.7014441,-1.078072,NSGA_TANDEM/gen001/03_OPT/00/NSGA1_000/DES_00466,,1,03_OPT/00/NSGA1_000/DES_00466,
0.2533333333,0.2566666667,0.4564705882,0.4015686275,0.6176470588,0.48,0.1245098039,-13.85882353,0.4015686275,0.4211764706,0.9205882353,0.3121568627,0.6101960784,1.058823529,0.6489411765,0.1466666667,0.9245098039,0.7862745098,,-0.08469733,-0.08506494,NSGA_TANDEM/gen001/03_OPT/00/NSGA1_000/DES_00467,,1,03_OPT/00/NSGA1_000/DES_00467,
0.7666666667,0.24,0.5482352941,0.497254902,0.4474509804,0.4117647059,0.1051372549,-0.6823529412,0.5270588235,0.5247058824,0.8876470588,0.3874509804,0.7168627451,0.6431372549,0.6503529412,0.1925490196,0.9039215686,0.8349019608,,0.1790276,0.3119886,NSGA_TANDEM/gen001/03_OPT/00/NSGA1_000/DES_00468,,1,03_OPT/00/NSGA1_000/DES_00468,
0.4966666667,0.61,0.5647058824,0.6603921569,0.5078431373,0.5152941176,0.1132941176,9.529411765,0.6149019608,0.4101960784,0.8964705882,0.3050980392,0.6109803922,1.317647059,0.6291764706,0.1670588235,0.9176470588,0.78,,-0.2978047,-0.200521,NSGA_TANDEM/gen001/03_OPT/00/NSGA1_000/DES_00469,,1,03_OPT/00/NSGA1_000/DES_00469,
0.26,0.3866666667,0.3576470588,0.497254902,0.3843137255,0.4941176471,0.09290196078,7.552941176,0.2196078431,0.5498039216,0.9405882353,0.3419607843,0.6305882353,0.8078431373,0.4908235294,0.1529411765,0.8774509804,0.8011764706,,-0.5056969,-0.7326363,NSGA_TANDEM/gen001/03_OPT/00/NSGA1_000/DES_00470,,1,03_OPT/00/NSGA1_000/DES_00470,
0.4,0.5333333333,0.4988235294,0.5098039216,0.5188235294,0.4752941176,0.1301176471,3.764705882,0.4768627451,0.5466666667,0.8923529412,0.3858823529,0.7239215686,0.3294117647,0.632,0.1682352941,0.9058823529,0.7705882353,,0.742467,0.4401244,NSGA_TANDEM/gen001/03_OPT/00/NSGA1_000/DES_00471,,1,03_OPT/00/NSGA1_000/DES_00471,
0.4733333333,0.3666666667,0.5270588235,0.5176470588,0.5407843137,0.5811764706,0.1219607843,2.611764706,0.3262745098,0.5247058824,0.8888235294,0.3474509804,0.622745098,1.058823529,0.7350588235,0.1360784314,0.8833333333,0.8419607843,,0.3711617,0.8822144,NSGA_TANDEM/gen001/03_OPT/00/NSGA1_000/DES_00472,,1,03_OPT/00/NSGA1_000/DES_00472,
0.1533333333,0.5433333333,0.5058823529,0.4815686275,0.4007843137,0.5011764706,0.1158431373,-0.1882352941,0.4235294118,0.471372549,0.9705882353,0.3160784314,0.6494117647,1.654901961,0.56,0.1588235294,0.9441176471,0.7564705882,,-0.007955443,-0.08177431,NSGA_TANDEM/gen001/03_OPT/00/NSGA1_000/DES_00473,,1,03_OPT/00/NSGA1_000/DES_00473,
0.5166666667,0.2433333333,0.5247058824,0.4580392157,0.2305882353,0.5952941176,0.1443921569,4.258823529,0.5898039216,0.5639215686,0.9158823529,0.32,0.6117647059,0.768627451,0.6701176471,0.1733333333,0.9058823529,0.7690196078,,0.6200696,0.43354,NSGA_TANDEM/gen001/03_OPT/00/NSGA1_000/DES_00474,,1,03_OPT/00/NSGA1_000/DES_00474,
0.75,0.6133333333,0.5294117647,0.5380392157,0.1152941176,0.4541176471,0.1301176471,5.576470588,0.3858823529,0.4650980392,0.8652941176,0.3231372549,0.6219607843,1.207843137,0.5105882353,0.1525490196,0.9088235294,0.7243137255,,0.2245427,0.05493023,NSGA_TANDEM/gen001/03_OPT/00/NSGA1_000/DES_00475,,1,03_OPT/00/NSGA1_000/DES_00475,
0.5666666667,0.3166666667,0.5882352941,0.5176470588,0.348627451,0.52,0.1030980392,9.694117647,0.6368627451,0.5215686275,0.8905882353,0.3615686275,0.6478431373,0.5803921569,0.6616470588,0.1843137255,0.8862745098,0.8278431373,,-0.2963188,-0.2254683,NSGA_TANDEM/gen001/03_OPT/00/NSGA1_000/DES_00476,,1,03_OPT/00/NSGA1_000/DES_00476,
0.5333333333,0.32,0.5670588235,0.4580392157,0.5050980392,0.5341176471,0.08780392157,6.070588235,0.4078431373,0.4258823529,0.9147058824,0.3803921569,0.6478431373,1.105882353,0.6927058824,0.148627451,0.912745098,0.8152941176,,-0.8255284,-0.915002,NSGA_TANDEM/gen001/03_OPT/00/NSGA1_000/DES_00477,,1,03_OPT/00/NSGA1_000/DES_00477,
0.5966666667,0.4833333333,0.5788235294,0.4690196078,0.4145098039,0.5788235294,0.110745098,1.129411765,0.5584313725,0.3819607843,0.9064705882,0.3741176471,0.6674509804,1.341176471,0.6447058824,0.1807843137,0.9235294118,0.7745098039,,-0.3680726,-0.5080483,NSGA_TANDEM/gen001/03_OPT/00/NSGA1_000/DES_00478,,1,03_OPT/00/NSGA1_000/DES_00478,
0.42,0.4533333333,0.4705882353,0.4298039216,0.5298039216,0.5364705882,0.1204313725,5.082352941,0.5364705882,0.2988235294,0.9,0.3780392157,0.6525490196,0.9647058824,0.6362352941,0.1470588235,0.9068627451,0.7439215686,,-0.2332542,-0.9091813,NSGA_TANDEM/gen001/03_OPT/00/NSGA1_000/DES_00479,,1,03_OPT/00/NSGA1_000/DES_00479,
0.71,0.3,0.5341176471,0.5035294118,0.3898039216,0.4164705882,0.09850980392,3.105882353,0.5301960784,0.5215686275,0.8970588235,0.3811764706,0.7082352941,0.3450980392,0.6009411765,0.1866666667,0.8598039216,0.8184313725,,-0.04360057,-0.3215287,NSGA_TANDEM/gen001/03_OPT/00/NSGA1_000/DES_00480,,1,03_OPT/00/NSGA1_000/DES_00480,
0.4966666667,0.4366666667,0.5835294118,0.4454901961,0.4447058824,0.4588235294,0.09035294118,-6.611764706,0.6274509804,0.5074509804,0.9152941176,0.3921568627,0.6768627451,0.6745098039,0.5797647059,0.1662745098,0.912745098,0.7423529412,,-0.2865671,-0.8896908,NSGA_TANDEM/gen001/03_OPT/00/NSGA1_000/DES_00481,,1,03_OPT/00/NSGA1_000/DES_00481,
0.6133333333,0.4133333333,0.4847058824,0.5537254902,0.2333333333,0.3764705882,0.1285882353,9.858823529,0.4894117647,0.4509803922,0.8647058824,0.3890196078,0.6015686275,0.9960784314,0.5543529412,0.16,0.9264705882,0.7807843137,,0.4459258,0.2845721,NSGA_TANDEM/gen001/03_OPT/00/NSGA1_000/DES_00484,,1,03_OPT/00/NSGA1_000/DES_00484,
0.5333333333,0.3766666667,0.4635294118,0.5129411765,0.417254902,0.3505882353,0.124,3.764705882,0.5301960784,0.5796078431,0.8758823529,0.3615686275,0.6666666667,0.8156862745,0.6108235294,0.1392156863,0.931372549,0.7909803922,,0.588755,0.5895164,NSGA_TANDEM/gen001/03_OPT/00/NSGA1_000/DES_00485,,1,03_OPT/00/NSGA1_000/DES_00485,
0.3366666667,0.6066666667,0.4541176471,0.4329411765,0.6368627451,0.5858823529,0.1041176471,-1.176470588,0.288627451,0.4996078431,0.8805882353,0.337254902,0.6141176471,1.498039216,0.6870588235,0.1188235294,0.9401960784,0.8364705882,,-0.7707856,-0.2493613,NSGA_TANDEM/gen001/03_OPT/00/NSGA1_000/DES_00486,,1,03_OPT/00/NSGA1_000/DES_00486,
0.5466666667,0.35,0.4,0.4690196078,0.3623529412,0.4752941176,0.09901960784,-7.105882353,0.4988235294,0.4133333333,0.8888235294,0.3709803922,0.6039215686,0.5803921569,0.7632941176,0.1203921569,0.9382352941,0.8254901961,,-0.6285135,-0.7903068,NSGA_TANDEM/gen001/03_OPT/00/NSGA1_000/DES_00487,,1,03_OPT/00/NSGA1_000/DES_00487,
0.6433333333,0.74,0.4776470588,0.4329411765,0.5682352941,0.5811764706,0.1122745098,6.729411765,0.4611764706,0.44,0.8835294118,0.3521568627,0.6549019608,0.8,0.6969411765,0.1717647059,0.9225490196,0.8466666667,,-0.3709636,-0.1434812,NSGA_TANDEM/gen001/03_OPT/00/NSGA1_000/DES_00488,,1,03_OPT/00/NSGA1_000/DES_00488,
0.42,0.75,0.5788235294,0.5066666667,0.5490196078,0.5129411765,0.09952941176,-5.458823529,0.3388235294,0.5858823529,0.8929411765,0.368627451,0.6219607843,1.356862745,0.7110588235,0.1474509804,0.9039215686,0.8129411765,,0.1032457,0.5466002,NSGA_TANDEM/gen001/03_OPT/00/NSGA1_000/DES_00489,,1,03_OPT/00/NSGA1_000/DES_00489,
0.3833333333,0.4266666667,0.4870588235,0.4784313725,0.07137254902,0.5623529412,0.1336862745,9.2,0.5803921569,0.4415686275,0.8623529412,0.3145098039,0.6329411765,1.02745098,0.5910588235,0.1368627451,0.9382352941,0.7494117647,,-0.1812782,-0.6290627,NSGA_TANDEM/gen001/03_OPT/00/NSGA1_000/DES_00490,,1,03_OPT/00/NSGA1_000/DES_00490,
0.57,0.4233333333,0.4117647059,0.5756862745,0.4117647059,0.5152941176,0.1229803922,6.564705882,0.5301960784,0.4101960784,0.9235294118,0.3584313725,0.6462745098,0.9254901961,0.5430588235,0.1705882353,0.8784313725,0.7894117647,,0.09191979,-0.002338325,NSGA_TANDEM/gen001/03_OPT/00/NSGA1_000/DES_00491,,1,03_OPT/00/NSGA1_000/DES_00491,
0.5466666667,0.2433333333,0.4870588235,0.5866666667,0.351372549,0.4423529412,0.1097254902,1.129411765,0.5333333333,0.5921568627,0.8811764706,0.3552941176,0.6682352941,1.498039216,0.7265882353,0.1466666667,0.8990196078,0.7509803922,,0.1824509,0.1358369,NSGA_TANDEM/gen001/03_OPT/00/NSGA1_000/DES_00492,,1,03_OPT/00/NSGA1_000/DES_00492,
0.51,0.58,0.4635294118,0.4392156863,0.4392156863,0.5952941176,0.1138039216,-5.129411765,0.5050980392,0.4980392157,0.8911764706,0.3992156863,0.6384313725,0.7921568627,0.5896470588,0.157254902,0.9039215686,0.8482352941,,-0.2944697,0.1785688,NSGA_TANDEM/gen001/03_OPT/00/NSGA1_000/DES_00493,,1,03_OPT/00/NSGA1_000/DES_00493,
0.2933333333,0.1866666667,0.3741176471,0.4564705882,0.351372549,0.5623529412,0.09698039216,7.223529412,0.5678431373,0.4949019608,0.9058823529,0.3192156863,0.6156862745,0.9882352941,0.6545882353,0.1525490196,0.8970588235,0.8396078431,,-0.7163687,-0.6486807,NSGA_TANDEM/gen001/03_OPT/00/NSGA1_000/DES_00494,,1,03_OPT/00/NSGA1_000/DES_00494,
0.19,0.5266666667,0.4188235294,0.4925490196,0.4556862745,0.5741176471,0.1260392157,1.294117647,0.3168627451,0.5984313725,0.9658823529,0.3003921569,0.6674509804,0.737254902,0.4767058824,0.16,0.9480392157,0.811372549,,0.06586313,0.5633118,NSGA_TANDEM/gen001/03_OPT/00/NSGA1_000/DES_00495,,1,03_OPT/00/NSGA1_000/DES_00495,
0.2933333333,0.71,0.4988235294,0.542745098,0.6615686275,0.5388235294,0.08933333333,-4.470588235,0.351372549,0.5623529412,0.8717647059,0.3278431373,0.6298039216,1.098039216,0.5924705882,0.1337254902,0.9156862745,0.8443137255,,-0.8237293,-0.3080229,NSGA_TANDEM/gen001/03_OPT/00/NSGA1_000/DES_00496,,1,03_OPT/00/NSGA1_000/DES_00496,
0.2033333333,0.2566666667,0.5388235294,0.4407843137,0.2470588235,0.4941176471,0.1051372549,-10.56470588,0.577254902,0.4494117647,0.9511764706,0.2980392157,0.6156862745,1.121568627,0.5162352941,0.1607843137,0.8941176471,0.7980392157,,-0.4447621,-0.5797776,NSGA_TANDEM/gen001/03_OPT/00/NSGA1_000/DES_00497,,1,03_OPT/00/NSGA1_000/DES_00497,
0.4366666667,0.6,0.3858823529,0.4674509804,0.488627451,0.4447058824,0.1183921569,-4.964705882,0.3105882353,0.5607843137,0.9605882353,0.3262745098,0.6556862745,0.3450980392,0.4611764706,0.151372549,0.8970588235,0.8450980392,,0.3679099,0.685493,NSGA_TANDEM/gen001/03_OPT/00/NSGA1_000/DES_00499,,1,03_OPT/00/NSGA1_000/DES_00499,
0.2433333333,0.1766666667,0.4447058824,0.4360784314,0.5078431373,0.2517647059,0.0862745098,-13.52941176,0.3450980392,0.5764705882,0.8917647059,0.337254902,0.6368627451,0.9803921569,0.6489411765,0.122745098,0.8784313725,0.7360784314,,-0.1765864,-0.7902619,NSGA_TANDEM/gen001/03_OPT/00/NSGA1_000/DES_00500,,1,03_OPT/00/NSGA1_000/DES_00500,
0.5033333333,0.3733333333,0.5694117647,0.5192156863,0.4419607843,0.5270588235,0.1214509804,7.882352941,0.5019607843,0.3176470588,0.8776470588,0.328627451,0.608627451,0.8862745098,0.6432941176,0.1188235294,0.9225490196,0.7776470588,,-0.5008288,-0.84159,NSGA_TANDEM/gen001/03_OPT/00/NSGA1_000/DES_00501,,1,03_OPT/00/NSGA1_000/DES_00501,
0.3966666667,0.6,0.5317647059,0.511372549,0.2470588235,0.5223529412,0.09494117647,2.776470588,0.3890196078,0.5090196078,0.9017647059,0.3435294118,0.6517647059,1.145098039,0.6178823529,0.1729411765,0.8421568627,0.8560784314,,-0.03385195,0.03269986,NSGA_TANDEM/gen001/03_OPT/00/NSGA1_000/DES_00502,,1,03_OPT/00/NSGA1_000/DES_00502,
0.79,0.5533333333,0.5529411765,0.4094117647,0.5325490196,0.5458823529,0.1066666667,-3.482352941,0.5552941176,0.4117647059,0.8905882353,0.3709803922,0.6611764706,0.9647058824,0.6701176471,0.1470588235,0.9156862745,0.8341176471,,-0.5743991,-0.2235491,NSGA_TANDEM/gen001/03_OPT/00/NSGA1_000/DES_00504,,1,03_OPT/00/NSGA1_000/DES_00504,
0.3533333333,0.3433333333,0.5482352941,0.4768627451,0.2690196078,0.5482352941,0.07556862745,9.035294118,0.7058823529,0.5529411765,0.9188235294,0.3458823529,0.6376470588,1.247058824,0.6108235294,0.1384313725,0.8647058824,0.8129411765,,-0.7290012,-1.045758,NSGA_TANDEM/gen001/03_OPT/00/NSGA1_000/DES_00507,,1,03_OPT/00/NSGA1_000/DES_00507,
0.6433333333,0.4433333333,0.5317647059,0.4282352941,0.5545098039,0.4541176471,0.143372549,7.388235294,0.6619607843,0.4933333333,0.9070588235,0.3003921569,0.6525490196,0.7450980392,0.5642352941,0.1254901961,0.8794117647,0.7125490196,,0.2047647,-0.2271901,NSGA_TANDEM/gen001/03_OPT/00/NSGA1_000/DES_00508,,1,03_OPT/00/NSGA1_000/DES_00508,
0.44,0.22,0.5623529412,0.6101960784,0.4419607843,0.5835294118,0.1245098039,-6.282352941,0.6462745098,0.4603921569,0.8847058824,0.3278431373,0.622745098,0.7607843137,0.5571764706,0.1337254902,0.9156862745,0.7925490196,,-0.4118835,-0.3885042,NSGA_TANDEM/gen001/03_OPT/00/NSGA1_000/DES_00509,,1,03_OPT/00/NSGA1_000/DES_00509,
0.28,0.2366666667,0.3858823529,0.4266666667,0.348627451,0.5176470588,0.1066666667,7.552941176,0.2729411765,0.5466666667,0.9635294118,0.3631372549,0.6274509804,0.5411764706,0.5501176471,0.1615686275,0.8794117647,0.8364705882,,-0.3134787,-0.1848464,NSGA_TANDEM/gen001/03_OPT/00/NSGA1_000/DES_00510,,1,03_OPT/00/NSGA1_000/DES_00510,
0.5933333333,0.48,0.5788235294,0.4894117647,0.4035294118,0.3905882353,0.1051372549,2.282352941,0.4956862745,0.3756862745,0.9035294118,0.3278431373,0.6839215686,0.6745098039,0.6630588235,0.1760784314,0.9303921569,0.8317647059,,-0.2734208,-0.2562256,NSGA_TANDEM/gen001/03_OPT/00/NSGA1_000/DES_00511,,1,03_OPT/00/NSGA1_000/DES_00511,
0.5366666667,0.5033333333,0.4894117647,0.5270588235,0.208627451,0.4917647059,0.1423529412,10.35294118,0.5270588235,0.3694117647,0.8747058824,0.3466666667,0.6447058824,0.9960784314,0.5628235294,0.1717647059,0.9166666667,0.7768627451,,0.5779346,0.3916181,NSGA_TANDEM/gen001/03_OPT/00/NSGA1_000/DES_00512,,1,03_OPT/00/NSGA1_000/DES_00512,
0.4933333333,0.2266666667,0.4917647059,0.4439215686,0.562745098,0.4964705882,0.1168627451,4.752941176,0.577254902,0.4603921569,0.9017647059,0.3576470588,0.7035294118,0.6274509804,0.632,0.1545098039,0.9009803922,0.8223529412,,-0.193081,-0.02540569,NSGA_TANDEM/gen001/03_OPT/00/NSGA1_000/DES_00513,,1,03_OPT/00/NSGA1_000/DES_00513,
0.78,0.8066666667,0.5294117647,0.4392156863,0.5462745098,0.5952941176,0.1183921569,11.34117647,0.5803921569,0.4243137255,0.8988235294,0.3584313725,0.6164705882,0.5411764706,0.6983529412,0.1509803922,0.8950980392,0.8552941176,,-0.3626552,0.04515519,NSGA_TANDEM/gen001/03_OPT/00/NSGA1_000/DES_00514,,1,03_OPT/00/NSGA1_000/DES_00514,
0.17,0.5,0.4329411765,0.4094117647,0.422745098,0.4023529412,0.1097254902,2.776470588,0.3796078431,0.5984313725,0.9529411765,0.2956862745,0.6611764706,1.396078431,0.5218823529,0.1694117647,0.9078431373,0.8011764706,,0.5712235,0.7004946,NSGA_TANDEM/gen001/03_OPT/00/NSGA1_000/DES_00515,,1,03_OPT/00/NSGA1_000/DES_00515,
0.36,0.46,0.5270588235,0.4470588235,0.4035294118,0.3717647059,0.1030980392,-10.23529412,0.448627451,0.5796078431,0.9329411765,0.3160784314,0.6792156863,1.121568627,0.5190588235,0.1882352941,0.8911764706,0.8278431373,,0.3918911,0.6423248,NSGA_TANDEM/gen001/03_OPT/00/NSGA1_000/DES_00516,,1,03_OPT/00/NSGA1_000/DES_00516,
0.2833333333,0.5966666667,0.5647058824,0.4721568627,0.3980392157,0.3223529412,0.1204313725,0.6352941176,0.5333333333,0.3882352941,0.9194117647,0.3443137255,0.6211764706,1.803921569,0.4922352941,0.1588235294,0.9411764706,0.7611764706,,0.4937314,0.413798,NSGA_TANDEM/gen001/03_OPT/00/NSGA1_000/DES_00518,,1,03_OPT/00/NSGA1_000/DES_00518,
0.2366666667,0.39,0.3482352941,0.4611764706,0.557254902,0.1623529412,0.1092156863,3.929411765,0.542745098,0.5529411765,0.9470588235,0.3098039216,0.6470588235,0.9960784314,0.5628235294,0.1694117647,0.9049019608,0.8388235294,,0.8704568,0.9855364,NSGA_TANDEM/gen001/03_OPT/00/NSGA1_000/DES_00519,,1,03_OPT/00/NSGA1_000/DES_00519,
0.3333333333,0.3366666667,0.4658823529,0.5082352941,0.4858823529,0.4752941176,0.104627451,-8.423529412,0.2603921569,0.5890196078,0.9235294118,0.3152941176,0.6039215686,0.7294117647,0.6616470588,0.1231372549,0.9294117647,0.7878431373,,-0.3528015,-0.4534248,NSGA_TANDEM/gen001/03_OPT/00/NSGA1_000/DES_00520,,1,03_OPT/00/NSGA1_000/DES_00520,
0.3366666667,0.3233333333,0.36,0.5050980392,0.6560784314,0.5882352941,0.137254902,2.941176471,0.608627451,0.4933333333,0.9147058824,0.3623529412,0.6643137255,0.8392156863,0.5670588235,0.1670588235,0.9196078431,0.8356862745,,0.2800761,0.9604922,NSGA_TANDEM/gen001/03_OPT/00/NSGA1_000/DES_00521,,1,03_OPT/00/NSGA1_000/DES_00521,
0.3666666667,0.3433333333,0.5623529412,0.5803921569,0.4749019608,0.3811764706,0.09392156863,1.129411765,0.5678431373,0.5388235294,0.8847058824,0.3341176471,0.6603921569,1.341176471,0.7294117647,0.1490196078,0.9058823529,0.7862745098,,-0.2143949,-0.1390375,NSGA_TANDEM/gen001/03_OPT/00/NSGA1_000/DES_00522,,1,03_OPT/00/NSGA1_000/DES_00522,
0.3366666667,0.26,0.5811764706,0.4266666667,0.562745098,0.4894117647,0.1316470588,-2.988235294,0.6462745098,0.4337254902,0.8582352941,0.3317647059,0.6180392157,1.341176471,0.632,0.1776470588,0.9078431373,0.7682352941,,0.4664334,0.4355168,NSGA_TANDEM/gen001/03_OPT/00/NSGA1_000/DES_00523,,1,03_OPT/00/NSGA1_000/DES_00523,
0.5333333333,0.33,0.4164705882,0.4580392157,0.5407843137,0.5364705882,0.1392941176,3.764705882,0.4235294118,0.4964705882,0.9147058824,0.3890196078,0.6933333333,0.6588235294,0.5444705882,0.1670588235,0.9215686275,0.8058823529,,0.5262395,0.8943646,NSGA_TANDEM/gen001/03_OPT/00/NSGA1_000/DES_00524,,1,03_OPT/00/NSGA1_000/DES_00524,
0.5333333333,0.35,0.4941176471,0.497254902,0.4529411765,0.4870588235,0.09443137255,2.117647059,0.5050980392,0.4368627451,0.8970588235,0.3521568627,0.6149019608,0.7764705882,0.6969411765,0.1403921569,0.9205882353,0.7988235294,,-0.621486,-0.9968549,NSGA_TANDEM/gen001/03_OPT/00/NSGA1_000/DES_00525,,1,03_OPT/00/NSGA1_000/DES_00525,
0.46,0.3366666667,0.5152941176,0.5552941176,0.5298039216,0.5317647059,0.1321568627,1.294117647,0.4015686275,0.5419607843,0.9064705882,0.3231372549,0.7278431373,1.137254902,0.5388235294,0.1509803922,0.9460784314,0.8294117647,,0.3296997,0.9936803,NSGA_TANDEM/gen001/03_OPT/00/NSGA1_000/DES_00526,,1,03_OPT/00/NSGA1_000/DES_00526,
0.5333333333,0.3266666667,0.5670588235,0.4580392157,0.5050980392,0.5317647059,0.08780392157,6.070588235,0.4078431373,0.4258823529,0.9147058824,0.3803921569,0.6478431373,1.121568627,0.6108235294,0.148627451,0.912745098,0.8231372549,,-0.9689958,-0.9066908,NSGA_TANDEM/gen001/03_OPT/00/NSGA1_000/DES_00527,,1,03_OPT/00/NSGA1_000/DES_00527,
0.4066666667,0.3266666667,0.5670588235,0.4423529412,0.5325490196,0.4588235294,0.1122745098,7.552941176,0.3764705882,0.2674509804,0.9241176471,0.3403921569,0.6290196078,1.145098039,0.6065882353,0.1133333333,0.9362745098,0.8011764706,,-0.7562401,-0.7613917,NSGA_TANDEM/gen001/03_OPT/00/NSGA1_000/DES_00528,,1,03_OPT/00/NSGA1_000/DES_00528,
0.4,0.4666666667,0.4376470588,0.4141176471,0.4364705882,0.4047058824,0.1036078431,-0.6823529412,0.1694117647,0.5184313725,0.9494117647,0.3035294118,0.6596078431,0.6039215686,0.4654117647,0.1478431373,0.9382352941,0.7533333333,,-0.2914439,-0.8739435,NSGA_TANDEM/gen001/03_OPT/00/NSGA1_000/DES_00529,,1,03_OPT/00/NSGA1_000/DES_00529,
0.6433333333,0.4966666667,0.4541176471,0.4407843137,0.6149019608,0.5458823529,0.1066666667,-8.094117647,0.4988235294,0.391372549,0.8894117647,0.3615686275,0.6439215686,0.7058823529,0.7449411765,0.1474509804,0.9401960784,0.8011764706,,-0.556667,-0.7075603,NSGA_TANDEM/gen001/03_OPT/00/NSGA1_000/DES_00530,,1,03_OPT/00/NSGA1_000/DES_00530,
0.28,0.8566666667,0.4847058824,0.4470588235,0.6945098039,0.4070588235,0.02662745098,11.67058824,0.1160784314,0.5607843137,0.8594117647,0.3176470588,0.6674509804,1.011764706,0.7308235294,0.1443137255,0.9,0.8349019608,,-0.326909,-1.032873,NSGA_TANDEM/gen001/03_OPT/00/NSGA1_000/DES_00531,,1,03_OPT/00/NSGA1_000/DES_00531,
0.33,0.4866666667,0.2235294118,0.4094117647,0.5874509804,0.4164705882,0.1015686275,6.070588235,0.3921568627,0.52,0.9470588235,0.3121568627,0.6384313725,0.7058823529,0.5769411765,0.1803921569,0.918627451,0.811372549,,-0.3006424,-0.2381007,NSGA_TANDEM/gen001/03_OPT/00/NSGA1_000/DES_00532,,1,03_OPT/00/NSGA1_000/DES_00532,
0.5066666667,0.33,0.4847058824,0.5035294118,0.5462745098,0.3741176471,0.110745098,-10.07058824,0.4109803922,0.4870588235,0.8941176471,0.2956862745,0.6290196078,0.9176470588,0.6108235294,0.1301960784,0.9245098039,0.7250980392,,-0.1789788,-0.6529259,NSGA_TANDEM/gen001/03_OPT/00/NSGA1_000/DES_00533,,1,03_OPT/00/NSGA1_000/DES_00533,
0.2966666667,0.48,0.5388235294,0.4941176471,0.2964705882,0.3882352941,0.1224705882,-0.1882352941,0.3639215686,0.3992156863,0.9488235294,0.3317647059,0.6125490196,1.262745098,0.5472941176,0.1443137255,0.9450980392,0.7666666667,,0.0851846,-0.07777797,NSGA_TANDEM/gen001/03_OPT/00/NSGA1_000/DES_00534,,1,03_OPT/00/NSGA1_000/DES_00534,
0.2966666667,0.5066666667,0.4094117647,0.4125490196,0.4501960784,0.4776470588,0.1122745098,9.035294118,0.6776470588,0.4023529412,0.9064705882,0.3623529412,0.6101960784,0.768627451,0.7195294118,0.1129411765,0.9294117647,0.7454901961,,-0.2786035,-0.7788972,NSGA_TANDEM/gen001/03_OPT/00/NSGA1_000/DES_00535,,1,03_OPT/00/NSGA1_000/DES_00535,
0.3333333333,0.42,0.3552941176,0.5160784314,0.2690196078,0.52,0.0837254902,8.211764706,0.2101960784,0.5105882353,0.9576470588,0.3066666667,0.6329411765,0.6980392157,0.4964705882,0.1545098039,0.8980392157,0.7784313725,,-0.4921837,-0.9757936,NSGA_TANDEM/gen001/03_OPT/00/NSGA1_000/DES_00536,,1,03_OPT/00/NSGA1_000/DES_00536,
0.2833333333,0.4,0.5341176471,0.4156862745,0.2717647059,0.5482352941,0.1224705882,9.364705882,0.5458823529,0.4917647059,0.9070588235,0.3223529412,0.6125490196,0.862745098,0.7322352941,0.177254902,0.9470588235,0.748627451,,-0.02778579,-0.59353,NSGA_TANDEM/gen001/03_OPT/00/NSGA1_000/DES_00537,,1,03_OPT/00/NSGA1_000/DES_00537,
0.5733333333,0.59,0.5741176471,0.4815686275,0.5023529412,0.5764705882,0.1092156863,-2.494117647,0.6462745098,0.4196078431,0.9017647059,0.3654901961,0.6494117647,1.215686275,0.6207058824,0.1580392157,0.9225490196,0.7760784314,,-0.4640044,-0.5279053,NSGA_TANDEM/gen001/03_OPT/00/NSGA1_000/DES_00538,,1,03_OPT/00/NSGA1_000/DES_00538,
0.15,0.52,0.4658823529,0.4250980392,0.4090196078,0.3788235294,0.1071764706,-9.905882353,0.5176470588,0.4650980392,0.96,0.2933333333,0.6141176471,1.450980392,0.4767058824,0.1674509804,0.9411764706,0.7611764706,,-0.147006,-0.4022052,NSGA_TANDEM/gen001/03_OPT/00/NSGA1_000/DES_00539,,1,03_OPT/00/NSGA1_000/DES_00539,
0.2866666667,0.39,0.5341176471,0.4690196078,0.2058823529,0.5035294118,0.1326666667,3.6,0.6650980392,0.5592156863,0.9276470588,0.3011764706,0.6109803922,1.019607843,0.7378823529,0.1631372549,0.9039215686,0.7674509804,,0.7308327,0.5721384,NSGA_TANDEM/gen001/03_OPT/00/NSGA1_000/DES_00541,,1,03_OPT/00/NSGA1_000/DES_00541,
0.2266666667,0.3433333333,0.5388235294,0.5552941176,0.6752941176,0.4964705882,0.1138039216,2.941176471,0.5552941176,0.4964705882,0.9117647059,0.3733333333,0.7160784314,0.5490196078,0.5430588235,0.1360784314,0.9450980392,0.8082352941,,-0.5882712,-0.2397517,NSGA_TANDEM/gen001/03_OPT/00/NSGA1_000/DES_00542,,1,03_OPT/00/NSGA1_000/DES_00542,
0.4533333333,0.3966666667,0.5670588235,0.4109803922,0.5517647059,0.5952941176,0.104627451,6.235294118,0.5615686275,0.4368627451,0.9005882353,0.3898039216,0.6525490196,0.6196078431,0.6503529412,0.1615686275,0.9382352941,0.837254902,,-0.8259182,-0.6786904,NSGA_TANDEM/gen001/03_OPT/00/NSGA1_000/DES_00543,,1,03_OPT/00/NSGA1_000/DES_00543,
0.39,0.22,0.4329411765,0.4643137255,0.42,0.4517647059,0.1189019608,-16.82352941,0.3764705882,0.4760784314,0.91,0.3098039216,0.6062745098,0.4,0.7505882353,0.1592156863,0.8549019608,0.7360784314,,0.1320354,-0.6321592,NSGA_TANDEM/gen001/03_OPT/00/NSGA1_000/DES_00545,,1,03_OPT/00/NSGA1_000/DES_00545,
0.3633333333,0.59,0.5152941176,0.4925490196,0.3952941176,0.1882352941,0.1194117647,-1.670588235,0.4643137255,0.4243137255,0.9311764706,0.3356862745,0.6368627451,1.77254902,0.5345882353,0.1721568627,0.9254901961,0.7423529412,,1.204023,0.8245854,NSGA_TANDEM/gen001/03_OPT/00/NSGA1_000/DES_00546,,1,03_OPT/00/NSGA1_000/DES_00546,
0.43,0.4,0.4494117647,0.4219607843,0.6149019608,0.3458823529,0.1204313725,10.84705882,0.5050980392,0.2847058824,0.9264705882,0.3254901961,0.6164705882,1.333333333,0.6207058824,0.1149019608,0.9441176471,0.7658823529,,-0.4404904,-0.6396686,NSGA_TANDEM/gen001/03_OPT/00/NSGA1_000/DES_00547,,1,03_OPT/00/NSGA1_000/DES_00547,
0.31,0.5066666667,0.5035294118,0.4094117647,0.417254902,0.4541176471,0.1250196078,0.1411764706,0.3796078431,0.4274509804,0.9535294118,0.3490196078,0.6392156863,1.411764706,0.5261176471,0.1658823529,0.931372549,0.7619607843,,0.3153584,0.1741677,NSGA_TANDEM/gen001/03_OPT/00/NSGA1_000/DES_00548,,1,03_OPT/00/NSGA1_000/DES_00548,
0.1666666667,0.16,0.4729411765,0.4674509804,0.3321568627,0.4729411765,0.104627451,2.282352941,0.737254902,0.5341176471,0.9217647059,0.3239215686,0.6,1.074509804,0.68,0.1647058824,0.8990196078,0.7949019608,,-0.2632222,-0.375322,NSGA_TANDEM/gen001/03_OPT/00/NSGA1_000/DES_00549,,1,03_OPT/00/NSGA1_000/DES_00549,
0.54,0.6533333333,0.4705882353,0.4109803922,0.6478431373,0.2917647059,0.1066666667,6.235294118,0.6462745098,0.3584313725,0.9082352941,0.2807843137,0.6156862745,1.090196078,0.7392941176,0.1392156863,0.8941176471,0.7407843137,,-0.04485566,-0.7941155,NSGA_TANDEM/gen001/03_OPT/00/NSGA1_000/DES_00550,,1,03_OPT/00/NSGA1_000/DES_00550,
0.2066666667,0.2633333333,0.4352941176,0.4109803922,0.5188235294,0.5835294118,0.09137254902,3.929411765,0.3356862745,0.5498039216,0.9476470588,0.3301960784,0.6250980392,1.364705882,0.5811764706,0.1615686275,0.9,0.7619607843,,-0.5710903,-0.9809711,NSGA_TANDEM/gen001/03_OPT/00/NSGA1_000/DES_00551,,1,03_OPT/00/NSGA1_000/DES_00551,
0.7733333333,0.4066666667,0.5270588235,0.4862745098,0.5325490196,0.3741176471,0.09035294118,-0.3529411765,0.4454901961,0.502745098,0.8847058824,0.3678431373,0.7082352941,0.5176470588,0.7025882353,0.191372549,0.8568627451,0.8466666667,,-0.03429874,-0.08117713,NSGA_TANDEM/gen001/03_OPT/00/NSGA1_000/DES_00555,,1,03_OPT/00/NSGA1_000/DES_00555,
0.2966666667,0.23,0.5694117647,0.4690196078,0.5435294118,0.3317647059,0.1081960784,8.376470588,0.5741176471,0.4666666667,0.8705882353,0.3882352941,0.6454901961,1.584313725,0.5924705882,0.1603921569,0.9323529412,0.8043137255,,-0.2233836,0.197804,NSGA_TANDEM/gen001/03_OPT/00/NSGA1_000/DES_00556,,1,03_OPT/00/NSGA1_000/DES_00556,
0.37,0.3566666667,0.4870588235,0.5003921569,0.5325490196,0.4282352941,0.09901960784,6.070588235,0.5584313725,0.4854901961,0.8870588235,0.3654901961,0.6596078431,1.490196078,0.6588235294,0.171372549,0.9480392157,0.797254902,,-0.6088739,-0.325887,NSGA_TANDEM/gen001/03_OPT/00/NSGA1_000/DES_00557,,1,03_OPT/00/NSGA1_000/DES_00557,
0.5,0.3233333333,0.5647058824,0.5380392157,0.3541176471,0.3811764706,0.09749019608,8.376470588,0.2603921569,0.5262745098,0.8705882353,0.3105882353,0.6721568627,1.521568627,0.7195294118,0.1470588235,0.9284313725,0.7768627451,,-0.2737155,-0.291242,NSGA_TANDEM/gen001/03_OPT/00/NSGA1_000/DES_00558,,1,03_OPT/00/NSGA1_000/DES_00558,
0.52,0.3333333333,0.5788235294,0.4643137255,0.1811764706,0.48,0.0908627451,7.388235294,0.4988235294,0.5278431373,0.8941176471,0.3866666667,0.6023529412,1.215686275,0.6927058824,0.1403921569,0.8911764706,0.7635294118,,-0.3932491,-0.9784737,NSGA_TANDEM/gen001/03_OPT/00/NSGA1_000/DES_00559,,1,03_OPT/00/NSGA1_000/DES_00559,
0.42,0.42,0.4305882353,0.4878431373,0.348627451,0.2847058824,0.1280784314,2.776470588,0.5458823529,0.551372549,0.8729411765,0.3505882353,0.6533333333,0.7450980392,0.6997647059,0.1309803922,0.9156862745,0.7745098039,,0.8509249,0.5757408,NSGA_TANDEM/gen001/03_OPT/00/NSGA1_000/DES_00560,,1,03_OPT/00/NSGA1_000/DES_00560,
0.5433333333,0.3466666667,0.5458823529,0.4988235294,0.6149019608,0.5717647059,0.1265490196,7.552941176,0.6901960784,0.4917647059,0.8847058824,0.3121568627,0.6823529412,0.7921568627,0.56,0.1360784314,0.9303921569,0.7737254902,,-0.4331557,-0.4950652,NSGA_TANDEM/gen001/03_OPT/00/NSGA1_000/DES_00561,,1,03_OPT/00/NSGA1_000/DES_00561,
0.3733333333,0.5233333333,0.4188235294,0.431372549,0.6505882353,0.4941176471,0.1092156863,-0.6823529412,0.06901960784,0.4996078431,0.8835294118,0.3341176471,0.6305882353,1.482352941,0.68,0.1184313725,0.9470588235,0.8325490196,,-0.3965129,0.2155345,NSGA_TANDEM/gen001/03_OPT/00/NSGA1_000/DES_00562,,1,03_OPT/00/NSGA1_000/DES_00562,
0.1866666667,0.1766666667,0.5482352941,0.4815686275,0.42,0.5505882353,0.104627451,-0.1882352941,0.6211764706,0.5215686275,0.9352941176,0.302745098,0.6054901961,0.862745098,0.6291764706,0.1494117647,0.9264705882,0.8176470588,,-0.677617,-0.5133947,NSGA_TANDEM/gen001/03_OPT/00/NSGA1_000/DES_00563,,1,03_OPT/00/NSGA1_000/DES_00563,
0.3533333333,0.41,0.4988235294,0.4015686275,0.3403921569,0.5905882353,0.1138039216,-6.776470588,0.3294117647,0.5403921569,0.91,0.2556862745,0.6470588235,0.6588235294,0.7774117647,0.1454901961,0.9098039216,0.7839215686,,-0.1273672,-0.6233055,NSGA_TANDEM/gen001/03_OPT/00/NSGA1_000/DES_00564,,1,03_OPT/00/NSGA1_000/DES_00564,
0.55,0.6666666667,0.5176470588,0.4,0.6341176471,0.3105882353,0.1428627451,7.717647059,0.5929411765,0.2925490196,0.8788235294,0.2768627451,0.6282352941,0.9725490196,0.7745882353,0.1149019608,0.8833333333,0.7376470588,,0.6135511,0.4531776,NSGA_TANDEM/gen001/03_OPT/00/NSGA1_000/DES_00565,,1,03_OPT/00/NSGA1_000/DES_00565,
0.5266666667,0.28,0.5529411765,0.4156862745,0.5545098039,0.5552941176,0.1413333333,3.270588235,0.448627451,0.4980392157,0.9047058824,0.3192156863,0.64,1.105882353,0.7463529412,0.1811764706,0.9392156863,0.8137254902,,1.064632,1.422013,NSGA_TANDEM/gen001/03_OPT/00/NSGA1_000/DES_00568,,1,03_OPT/00/NSGA1_000/DES_00568,
0.18,0.3533333333,0.2705882353,0.5129411765,0.3733333333,0.4541176471,0.1025882353,6.235294118,0.1662745098,0.5984313725,0.9705882353,0.3435294118,0.6258823529,0.7294117647,0.536,0.1607843137,0.9245098039,0.8058823529,,-0.2981863,-0.191088,NSGA_TANDEM/gen001/03_OPT/00/NSGA1_000/DES_00569,,1,03_OPT/00/NSGA1_000/DES_00569,
0.45,0.21,0.4588235294,0.417254902,0.5160784314,0.52,0.1071764706,4.588235294,0.5019607843,0.4996078431,0.9341176471,0.3349019608,0.6956862745,1.301960784,0.5261176471,0.177254902,0.9441176471,0.8074509804,,-0.6818559,-0.39327,NSGA_TANDEM/gen001/03_OPT/00/NSGA1_000/DES_00571,,1,03_OPT/00/NSGA1_000/DES_00571,
0.53,0.3433333333,0.5176470588,0.4768627451,0.5737254902,0.36,0.1158431373,5.247058824,0.7874509804,0.4007843137,0.8505882353,0.3764705882,0.6015686275,1.294117647,0.6108235294,0.1658823529,0.9333333333,0.8333333333,,-0.08819028,0.2406659,NSGA_TANDEM/gen001/03_OPT/00/NSGA1_000/DES_00573,,1,03_OPT/00/NSGA1_000/DES_00573,
0.6966666667,0.7466666667,0.4188235294,0.4125490196,0.5874509804,0.5082352941,0.1168627451,0.4705882353,0.4109803922,0.4760784314,0.9123529412,0.3811764706,0.6533333333,0.5882352941,0.7096470588,0.1549019608,0.9029411765,0.8309803922,,0.3045159,0.5055885,NSGA_TANDEM/gen001/03_OPT/00/NSGA1_000/DES_00575,,1,03_OPT/00/NSGA1_000/DES_00575,
0.45,0.2466666667,0.3529411765,0.6180392157,0.5956862745,0.3952941176,0.1219607843,8.376470588,0.5239215686,0.5403921569,0.9117647059,0.3709803922,0.742745098,1.035294118,0.5727058824,0.1639215686,0.8823529412,0.7933333333,,0.7780484,0.9608016,NSGA_TANDEM/gen001/03_OPT/00/NSGA1_000/DES_00576,,1,03_OPT/00/NSGA1_000/DES_00576,
0.3433333333,0.1566666667,0.4047058824,0.5098039216,0.4803921569,0.4611764706,0.1087058824,-10.89411765,0.2541176471,0.5043137255,0.9064705882,0.3380392157,0.6188235294,0.9176470588,0.728,0.1466666667,0.9009803922,0.7901960784,,-0.141809,-0.2678611,NSGA_TANDEM/gen001/03_OPT/00/NSGA1_000/DES_00578,,1,03_OPT/00/NSGA1_000/DES_00578,
0.3433333333,0.4366666667,0.4047058824,0.5098039216,0.4803921569,0.4611764706,0.1071764706,-10.89411765,0.3419607843,0.5121568627,0.9064705882,0.3380392157,0.6188235294,0.6196078431,0.7534117647,0.1443137255,0.9009803922,0.8066666667,,-0.02338246,-0.1380705,NSGA_TANDEM/gen001/03_OPT/00/NSGA1_000/DES_00579,,1,03_OPT/00/NSGA1_000/DES_00579,
0.3433333333,0.6366666667,0.4964705882,0.4784313725,0.6478431373,0.5105882353,0.1051372549,2.117647059,0.1976470588,0.52,0.9182352941,0.3160784314,0.6384313725,1.239215686,0.704,0.1411764706,0.9117647059,0.8403921569,,-0.1147142,0.3917772,NSGA_TANDEM/gen001/03_OPT/00/NSGA1_000/DES_00580,,1,03_OPT/00/NSGA1_000/DES_00580,
0.6566666667,0.7466666667,0.4470588235,0.4643137255,0.5243137255,0.5623529412,0.1020784314,5.411764706,0.3984313725,0.4619607843,0.8823529412,0.3717647059,0.6196078431,0.6352941176,0.6291764706,0.1764705882,0.9166666667,0.8396078431,,-0.6026306,-0.3661722,NSGA_TANDEM/gen001/03_OPT/00/NSGA1_000/DES_00581,,1,03_OPT/00/NSGA1_000/DES_00581,
0.36,0.26,0.5341176471,0.5490196078,0.5105882353,0.4752941176,0.098,10.02352941,0.5145098039,0.5388235294,0.9282352941,0.377254902,0.6462745098,0.9333333333,0.5345882353,0.1670588235,0.9009803922,0.8498039216,,-0.679113,-0.2353361,NSGA_TANDEM/gen001/03_OPT/00/NSGA1_000/DES_00582,,1,03_OPT/00/NSGA1_000/DES_00582,
0.4966666667,0.4166666667,0.4070588235,0.577254902,0.3678431373,0.5811764706,0.1285882353,7.552941176,0.6870588235,0.5388235294,0.8882352941,0.3215686275,0.671372549,1.231372549,0.6884705882,0.1529411765,0.9431372549,0.7525490196,,0.001868923,-0.1736559,NSGA_TANDEM/gen001/03_OPT/00/NSGA1_000/DES_00584,,1,03_OPT/00/NSGA1_000/DES_00584,
0.2233333333,0.55,0.5529411765,0.4329411765,0.5215686275,0.52,0.130627451,9.2,0.5364705882,0.3725490196,0.8705882353,0.3317647059,0.6431372549,0.7294117647,0.5967058824,0.1333333333,0.9401960784,0.78,,-0.2934827,-0.500013,NSGA_TANDEM/gen001/03_OPT/00/NSGA1_000/DES_00585,,1,03_OPT/00/NSGA1_000/DES_00585,
0.67,0.51,0.52,0.4878431373,0.2552941176,0.4352941176,0.1392941176,8.541176471,0.4988235294,0.3145098039,0.8694117647,0.337254902,0.6564705882,1.098039216,0.4668235294,0.1729411765,0.9441176471,0.8058823529,,0.3937296,0.5722719,NSGA_TANDEM/gen001/03_OPT/00/NSGA1_000/DES_00586,,1,03_OPT/00/NSGA1_000/DES_00586,
0.4466666667,0.4666666667,0.5011764706,0.5019607843,0.5133333333,0.5011764706,0.0791372549,-2.658823529,0.5490196078,0.4164705882,0.9205882353,0.3764705882,0.6760784314,0.5019607843,0.6192941176,0.1431372549,0.8892156863,0.8537254902,,-0.8621543,-1.070074,NSGA_TANDEM/gen001/03_OPT/00/NSGA1_000/DES_00587,,1,03_OPT/00/NSGA1_000/DES_00587,
0.4833333333,0.5933333333,0.5129411765,0.5521568627,0.5545098039,0.3788235294,0.1423529412,8.541176471,0.6494117647,0.311372549,0.9111764706,0.2909803922,0.6258823529,0.9647058824,0.6955294118,0.1364705882,0.9205882353,0.7894117647,,0.7829518,0.7202829,NSGA_TANDEM/gen001/03_OPT/00/NSGA1_000/DES_00590,,1,03_OPT/00/NSGA1_000/DES_00590,
0.2066666667,0.32,0.5035294118,0.5019607843,0.01647058824,0.5647058824,0.1336862745,1.294117647,0.608627451,0.3803921569,0.8605882353,0.3568627451,0.6470588235,0.8941176471,0.5741176471,0.1345098039,0.9490196078,0.748627451,,-0.2047817,-0.7661495,NSGA_TANDEM/gen001/03_OPT/00/NSGA1_000/DES_00591,,1,03_OPT/00/NSGA1_000/DES_00591,
0.8166666667,0.5433333333,0.5105882353,0.5380392157,0.211372549,0.4611764706,0.1260392157,2.941176471,0.3482352941,0.4352941176,0.8529411765,0.3325490196,0.6305882353,1.701960784,0.5416470588,0.1517647059,0.8666666667,0.7447058824,,0.5906695,0.5514718,NSGA_TANDEM/gen001/03_OPT/00/NSGA1_000/DES_00592,,1,03_OPT/00/NSGA1_000/DES_00592,
0.4633333333,0.4533333333,0.4682352941,0.4470588235,0.5078431373,0.3176470588,0.1341960784,2.611764706,0.1160784314,0.5247058824,0.9405882353,0.2737254902,0.648627451,0.6509803922,0.5162352941,0.128627451,0.8254901961,0.8105882353,,1.42119,1.476933,NSGA_TANDEM/gen001/03_OPT/00/NSGA1_000/DES_00593,,1,03_OPT/00/NSGA1_000/DES_00593,
0.3733333333,0.3366666667,0.3388235294,0.4345098039,0.5901960784,0.56,0.1138039216,8.376470588,0.5019607843,0.5482352941,0.9464705882,0.3333333333,0.6290196078,1.019607843,0.5402352941,0.1717647059,0.918627451,0.7980392157,,-0.3902402,-0.1570184,NSGA_TANDEM/gen001/03_OPT/00/NSGA1_000/DES_00594,,1,03_OPT/00/NSGA1_000/DES_00594,
0.7066666667,0.5366666667,0.5670588235,0.4392156863,0.6203921569,0.5764705882,0.08219607843,-9.741176471,0.577254902,0.4149019608,0.8923529412,0.3552941176,0.6470588235,0.6588235294,0.7251764706,0.1501960784,0.8598039216,0.8058823529,,-0.4724813,-1.103592,NSGA_TANDEM/gen001/03_OPT/00/NSGA1_000/DES_00595,,1,03_OPT/00/NSGA1_000/DES_00595,
0.6066666667,0.5033333333,0.5011764706,0.4423529412,0.6258823529,0.3482352941,0.1250196078,9.2,0.6337254902,0.4792156863,0.9294117647,0.3184313725,0.6643137255,0.9647058824,0.5557647059,0.1423529412,0.9245098039,0.7596078431,,0.2083591,-0.06896088,NSGA_TANDEM/gen001/03_OPT/00/NSGA1_000/DES_00596,,1,03_OPT/00/NSGA1_000/DES_00596,
0.6066666667,0.5266666667,0.5929411765,0.4643137255,0.4392156863,0.5552941176,0.08882352941,6.235294118,0.1192156863,0.4776470588,0.9088235294,0.3529411765,0.6203921569,1.458823529,0.6941176471,0.1321568627,0.9039215686,0.7478431373,,-0.5297807,-1.060543,NSGA_TANDEM/gen001/03_OPT/00/NSGA1_000/DES_00597,,1,03_OPT/00/NSGA1_000/DES_00597,
0.3366666667,0.3033333333,0.3788235294,0.4,0.211372549,0.4235294118,0.1260392157,-10.23529412,0.3231372549,0.5168627451,0.9758823529,0.3364705882,0.6541176471,0.6039215686,0.5134117647,0.1811764706,0.9029411765,0.8105882353,,0.6631792,0.5327112,NSGA_TANDEM/gen001/03_OPT/00/NSGA1_000/DES_00598,,1,03_OPT/00/NSGA1_000/DES_00598,
0.29,0.1733333333,0.5364705882,0.5145098039,0.4117647059,0.4752941176,0.1122745098,1.458823529,0.2509803922,0.5560784314,0.9411764706,0.3349019608,0.6462745098,0.9647058824,0.6249411765,0.1662745098,0.9029411765,0.8435294118,,0.1748166,0.6048579,NSGA_TANDEM/gen001/03_OPT/00/NSGA1_000/DES_00599,,1,03_OPT/00/NSGA1_000/DES_00599,
0.6266666667,0.6266666667,0.5647058824,0.4564705882,0.5462745098,0.5294117647,0.1066666667,-7.435294118,0.6337254902,0.457254902,0.8852941176,0.36,0.6337254902,1.003921569,0.7322352941,0.1615686275,0.8754901961,0.8121568627,,0.004864042,0.05985088,NSGA_TANDEM/gen001/03_OPT/00/NSGA1_000/DES_00601,,1,03_OPT/00/NSGA1_000/DES_00601,
0.5433333333,0.2966666667,0.3952941176,0.4407843137,0.2250980392,0.4635294118,0.1270588235,-4.635294118,0.7403921569,0.4949019608,0.9229411765,0.3082352941,0.6070588235,0.7607843137,0.7745882353,0.1721568627,0.9078431373,0.7298039216,,0.3653232,-0.328702,NSGA_TANDEM/gen001/03_OPT/00/NSGA1_000/DES_00602,,1,03_OPT/00/NSGA1_000/DES_00602,
0.5566666667,0.4766666667,0.4964705882,0.528627451,0.1290196078,0.4988235294,0.1362352941,2.776470588,0.5333333333,0.3301960784,0.87,0.3403921569,0.648627451,1.003921569,0.5529411765,0.1756862745,0.9401960784,0.7917647059,,0.3462326,0.2744407,NSGA_TANDEM/gen001/03_OPT/00/NSGA1_000/DES_00603,,1,03_OPT/00/NSGA1_000/DES_00603,
0.3433333333,0.4066666667,0.5647058824,0.4737254902,0.4447058824,0.4658823529,0.1270588235,8.047058824,0.5364705882,0.311372549,0.9035294118,0.3192156863,0.608627451,1.098039216,0.6701176471,0.1094117647,0.9166666667,0.8050980392,,-0.2504553,-0.1349622,NSGA_TANDEM/gen001/03_OPT/00/NSGA1_000/DES_00604,,1,03_OPT/00/NSGA1_000/DES_00604,
0.46,0.3233333333,0.4894117647,0.4831372549,0.3925490196,0.5035294118,0.1408235294,-3.482352941,0.5050980392,0.4933333333,0.9452941176,0.28,0.6188235294,0.6117647059,0.7364705882,0.1498039216,0.9460784314,0.748627451,,0.436276,0.2934625,NSGA_TANDEM/gen001/03_OPT/00/NSGA1_000/DES_00605,,1,03_OPT/00/NSGA1_000/DES_00605,
0.7,0.6266666667,0.4682352941,0.4094117647,0.5188235294,0.4376470588,0.1102352941,7.223529412,0.4423529412,0.342745098,0.89,0.2596078431,0.6298039216,1.254901961,0.7745882353,0.1203921569,0.9323529412,0.708627451,,-0.7159576,-0.6969543,NSGA_TANDEM/gen001/03_OPT/00/NSGA1_000/DES_00607,,1,03_OPT/00/NSGA1_000/DES_00607,
0.38,0.5466666667,0.4329411765,0.4423529412,0.6588235294,0.4611764706,0.09952941176,-5.952941176,0.06274509804,0.4823529412,0.8911764706,0.3231372549,0.6117647059,0.9333333333,0.6743529412,0.1070588235,0.937254902,0.8050980392,,-0.582451,-0.4428385,NSGA_TANDEM/gen001/03_OPT/00/NSGA1_000/DES_00608,,1,03_OPT/00/NSGA1_000/DES_00608,
0.2666666667,0.32,0.4823529412,0.4203921569,0.4309803922,0.4329411765,0.111254902,-1.505882353,0.2980392157,0.5294117647,0.9652941176,0.3749019608,0.6047058824,0.5725490196,0.5670588235,0.1533333333,0.9009803922,0.8545098039,,-0.02561538,0.43512,NSGA_TANDEM/gen001/03_OPT/00/NSGA1_000/DES_00609,,1,03_OPT/00/NSGA1_000/DES_00609,
0.64,0.31,0.4,0.4658823529,0.4090196078,0.4494117647,0.1296078431,7.882352941,0.3670588235,0.5168627451,0.9141176471,0.3976470588,0.7082352941,0.8235294118,0.5797647059,0.1549019608,0.9088235294,0.8129411765,,0.5822467,0.8429934,NSGA_TANDEM/gen001/03_OPT/00/NSGA1_000/DES_00610,,1,03_OPT/00/NSGA1_000/DES_00610,
0.5033333333,0.6266666667,0.5717647059,0.4674509804,0.5654901961,0.5035294118,0.1132941176,4.094117647,0.5709803922,0.2580392157,0.8617647059,0.3396078431,0.6337254902,0.6745098039,0.6898823529,0.1239215686,0.9107843137,0.8160784314,,-0.5025142,-0.6872977,NSGA_TANDEM/gen001/03_OPT/00/NSGA1_000/DES_00611,,1,03_OPT/00/NSGA1_000/DES_00611,
0.36,0.3266666667,0.4964705882,0.4,0.5188235294,0.5388235294,0.1229803922,0.3058823529,0.4956862745,0.4117647059,0.8823529412,0.3231372549,0.608627451,1.568627451,0.6065882353,0.1090196078,0.9392156863,0.7745098039,,-0.4772344,-0.2936278,NSGA_TANDEM/gen001/03_OPT/00/NSGA1_000/DES_00612,,1,03_OPT/00/NSGA1_000/DES_00612,
0.42,0.4466666667,0.2917647059,0.4423529412,0.3349019608,0.5764705882,0.1117647059,6.070588235,0.3764705882,0.4854901961,0.9311764706,0.2894117647,0.622745098,0.9333333333,0.5416470588,0.1890196078,0.8960784314,0.7909803922,,-0.2612557,-0.5068734,NSGA_TANDEM/gen001/03_OPT/00/NSGA1_000/DES_00613,,1,03_OPT/00/NSGA1_000/DES_00613,
0.3733333333,0.2333333333,0.4517647059,0.5129411765,0.5984313725,0.5788235294,0.1449019608,1.458823529,0.417254902,0.5152941176,0.9,0.3050980392,0.7341176471,1.28627451,0.4978823529,0.14,0.9362745098,0.811372549,,0.3706763,1.039315,NSGA_TANDEM/gen001/03_OPT/00/NSGA1_000/DES_00614,,1,03_OPT/00/NSGA1_000/DES_00614,
0.2433333333,0.15,0.3529411765,0.511372549,0.4501960784,0.4941176471,0.08780392157,0.6352941176,0.128627451,0.5058823529,0.9641176471,0.3882352941,0.6250980392,0.2823529412,0.4752941176,0.1654901961,0.9333333333,0.7878431373,,-0.6620098,-1.021219,NSGA_TANDEM/gen001/03_OPT/00/NSGA1_000/DES_00615,,1,03_OPT/00/NSGA1_000/DES_00615,
0.2033333333,0.69,0.5082352941,0.4125490196,0.4062745098,0.4658823529,0.1025882353,-1.176470588,0.4737254902,0.4807843137,0.9382352941,0.337254902,0.6431372549,1.129411765,0.5515294118,0.1439215686,0.9225490196,0.731372549,,-0.185216,-0.861155,NSGA_TANDEM/gen001/03_OPT/00/NSGA1_000/DES_00616,,1,03_OPT/00/NSGA1_000/DES_00616,
0.1866666667,0.2033333333,0.4023529412,0.4847058824,0.3952941176,0.4117647059,0.07658823529,-4.470588235,0.2133333333,0.5341176471,0.9817647059,0.3631372549,0.6219607843,0.5254901961,0.5134117647,0.1741176471,0.9215686275,0.7776470588,,-0.530964,-1.029218,NSGA_TANDEM/gen001/03_OPT/00/NSGA1_000/DES_00617,,1,03_OPT/00/NSGA1_000/DES_00617,
0.5833333333,0.62,0.5858823529,0.4784313725,0.06039215686,0.5976470588,0.1326666667,3.435294118,0.6117647059,0.5435294118,0.8711764706,0.3215686275,0.6141176471,1.207843137,0.5303529412,0.1447058824,0.9480392157,0.7447058824,,-0.06459616,-0.2994784,NSGA_TANDEM/gen001/03_OPT/00/NSGA1_000/DES_00618,,1,03_OPT/00/NSGA1_000/DES_00618,
0.4266666667,0.3333333333,0.3882352941,0.5694117647,0.5737254902,0.3929411765,0.1163529412,-14.84705882,0.4078431373,0.5341176471,0.9047058824,0.3192156863,0.617254902,0.862745098,0.6814117647,0.1517647059,0.9205882353,0.8074509804,,0.3682655,0.5328076,NSGA_TANDEM/gen001/03_OPT/00/NSGA1_000/DES_00619,,1,03_OPT/00/NSGA1_000/DES_00619,
0.5566666667,0.3,0.5694117647,0.4752941176,0.6039215686,0.4964705882,0.1000392157,-4.141176471,0.3921568627,0.4305882353,0.8958823529,0.3929411765,0.6619607843,0.8235294118,0.6305882353,0.1662745098,0.8990196078,0.828627451,,-0.5207455,-0.2597864,NSGA_TANDEM/gen001/03_OPT/00/NSGA1_000/DES_00620,,1,03_OPT/00/NSGA1_000/DES_00620,
0.4733333333,0.3866666667,0.5105882353,0.4596078431,0.5325490196,0.5082352941,0.1219607843,10.18823529,0.6023529412,0.471372549,0.8582352941,0.3631372549,0.6039215686,1.121568627,0.5783529412,0.1603921569,0.9225490196,0.8396078431,,-0.2510852,0.2679911,NSGA_TANDEM/gen001/03_OPT/00/NSGA1_000/DES_00622,,1,03_OPT/00/NSGA1_000/DES_00622,
0.34,0.5133333333,0.3788235294,0.4203921569,0.4803921569,0.4447058824,0.1158431373,4.752941176,0.2290196078,0.3552941176,0.9329411765,0.3631372549,0.64,1.576470588,0.5402352941,0.1709803922,0.9460784314,0.7109803922,,-0.05023244,-0.6112604,NSGA_TANDEM/gen001/03_OPT/00/NSGA1_000/DES_00623,,1,03_OPT/00/NSGA1_000/DES_00623,
0.35,0.19,0.5270588235,0.5411764706,0.5407843137,0.5364705882,0.07454901961,11.50588235,0.4423529412,0.4180392157,0.9635294118,0.3850980392,0.6266666667,0.5960784314,0.6376470588,0.1717647059,0.9421568627,0.7462745098,,-0.1813504,-0.8852969,NSGA_TANDEM/gen001/03_OPT/00/NSGA1_000/DES_00624,,1,03_OPT/00/NSGA1_000/DES_00624,
0.2966666667,0.17,0.5905882353,0.4737254902,0.5298039216,0.5694117647,0.1234901961,0.1411764706,0.6243137255,0.5874509804,0.8735294118,0.3623529412,0.6282352941,1.309803922,0.6503529412,0.1631372549,0.9274509804,0.7988235294,,0.1809629,0.6081172,NSGA_TANDEM/gen001/03_OPT/00/NSGA1_000/DES_00625,,1,03_OPT/00/NSGA1_000/DES_00625,
0.25,0.26,0.5152941176,0.4909803922,0.5298039216,0.5482352941,0.1316470588,-0.5176470588,0.5741176471,0.5168627451,0.8941176471,0.3380392157,0.6462745098,0.8784313725,0.5656470588,0.162745098,0.9137254902,0.8356862745,,0.3286586,0.8878082,NSGA_TANDEM/gen001/03_OPT/00/NSGA1_000/DES_00627,,1,03_OPT/00/NSGA1_000/DES_00627,
0.38,0.3733333333,0.4282352941,0.4737254902,0.3129411765,0.3576470588,0.1041176471,-5.623529412,0.4235294118,0.4258823529,0.9782352941,0.3317647059,0.6376470588,1.654901961,0.5910588235,0.1607843137,0.9460784314,0.7690196078,,-0.2502073,-0.4150892,NSGA_TANDEM/gen001/03_OPT/00/NSGA1_000/DES_00629,,1,03_OPT/00/NSGA1_000/DES_00629,
0.5166666667,0.5933333333,0.3976470588,0.4674509804,0.6698039216,0.5952941176,0.08882352941,-4.305882353,0.3984313725,0.4023529412,0.9194117647,0.3521568627,0.6588235294,1.521568627,0.6178823529,0.148627451,0.9147058824,0.7988235294,,-0.9579861,-0.8795745,NSGA_TANDEM/gen001/03_OPT/00/NSGA1_000/DES_00630,,1,03_OPT/00/NSGA1_000/DES_00630,
0.4066666667,0.28,0.5717647059,0.4423529412,0.5325490196,0.48,0.1122745098,7.552941176,0.3764705882,0.2674509804,0.9241176471,0.3403921569,0.6290196078,1.145098039,0.6065882353,0.1133333333,0.9362745098,0.8215686275,,-0.9141738,-0.6410558,NSGA_TANDEM/gen001/03_OPT/00/NSGA1_000/DES_00631,,1,03_OPT/00/NSGA1_000/DES_00631,
0.53,0.3433333333,0.5176470588,0.4768627451,0.4776470588,0.4164705882,0.1158431373,5.247058824,0.7874509804,0.4007843137,0.8505882353,0.3764705882,0.6117647059,1.02745098,0.6108235294,0.1658823529,0.9333333333,0.8145098039,,-0.2674672,0.001518086,NSGA_TANDEM/gen001/03_OPT/00/NSGA1_000/DES_00632,,1,03_OPT/00/NSGA1_000/DES_00632,
0.2933333333,0.71,0.5176470588,0.542745098,0.6615686275,0.5388235294,0.08933333333,-4.470588235,0.351372549,0.5576470588,0.8717647059,0.3607843137,0.6298039216,1.098039216,0.5924705882,0.1337254902,0.9156862745,0.8223529412,,-0.7674478,-0.237581,NSGA_TANDEM/gen001/03_OPT/00/NSGA1_000/DES_00633,,1,03_OPT/00/NSGA1_000/DES_00633,
0.1566666667,0.2666666667,0.4117647059,0.5364705882,0.6203921569,0.5858823529,0.1331764706,9.2,0.6274509804,0.5184313725,0.9147058824,0.3584313725,0.6823529412,0.8862745098,0.5642352941,0.1631372549,0.9460784314,0.8168627451,,-0.2431929,0.407265,NSGA_TANDEM/gen001/03_OPT/00/NSGA1_000/DES_00634,,1,03_OPT/00/NSGA1_000/DES_00634,
0.36,0.4366666667,0.3905882353,0.5129411765,0.2058823529,0.4023529412,0.09952941176,-4.635294118,0.4956862745,0.3003921569,0.9535294118,0.2996078431,0.6407843137,1.419607843,0.4527058824,0.1588235294,0.9460784314,0.8168627451,,-0.7400964,-0.7730579,NSGA_TANDEM/gen001/03_OPT/00/NSGA1_000/DES_00635,,1,03_OPT/00/NSGA1_000/DES_00635,
0.5466666667,0.43,0.5411764706,0.448627451,0.4501960784,0.4188235294,0.1352156863,3.435294118,0.2666666667,0.5152941176,0.9852941176,0.3105882353,0.6603921569,0.6431372549,0.5091764706,0.1337254902,0.9245098039,0.8364705882,,0.7660874,1.194492,NSGA_TANDEM/gen001/03_OPT/00/NSGA1_000/DES_00636,,1,03_OPT/00/NSGA1_000/DES_00636,
0.4533333333,0.5733333333,0.5082352941,0.5364705882,0.1619607843,0.3529411765,0.1158431373,1.458823529,0.2447058824,0.3835294118,0.9311764706,0.3247058824,0.608627451,1.560784314,0.56,0.1345098039,0.9147058824,0.7870588235,,0.290456,0.2901752,NSGA_TANDEM/gen001/03_OPT/00/NSGA1_000/DES_00638,,1,03_OPT/00/NSGA1_000/DES_00638,
0.5233333333,0.2466666667,0.4988235294,0.4250980392,0.2168627451,0.5576470588,0.1428627451,5.905882353,0.4705882353,0.5890196078,0.9276470588,0.3419607843,0.6345098039,0.7764705882,0.6489411765,0.1698039216,0.9215686275,0.7729411765,,0.7307722,0.6124008,NSGA_TANDEM/gen001/03_OPT/00/NSGA1_000/DES_00640,,1,03_OPT/00/NSGA1_000/DES_00640,
0.3933333333,0.3333333333,0.5811764706,0.4078431373,0.557254902,0.5576470588,0.09443137255,4.094117647,0.6149019608,0.4635294118,0.8970588235,0.3662745098,0.6360784314,0.2117647059,0.6065882353,0.1564705882,0.9470588235,0.8176470588,,-0.8903842,-1.145796,NSGA_TANDEM/gen001/03_OPT/00/NSGA1_000/DES_00641,,1,03_OPT/00/NSGA1_000/DES_00641,
0.2766666667,0.1966666667,0.3952941176,0.5066666667,0.5188235294,0.5458823529,0.1387843137,11.01176471,0.3168627451,0.5639215686,0.9494117647,0.3058823529,0.6549019608,0.5098039216,0.4738823529,0.182745098,0.8558823529,0.7650980392,,0.3901166,0.3386184,NSGA_TANDEM/gen001/03_OPT/00/NSGA1_000/DES_00642,,1,03_OPT/00/NSGA1_000/DES_00642,
0.4866666667,0.3033333333,0.4211764706,0.5694117647,0.351372549,0.5858823529,0.1331764706,0.1411764706,0.6776470588,0.5498039216,0.8864705882,0.3176470588,0.6752941176,0.8941176471,0.6941176471,0.1470588235,0.9401960784,0.7266666667,,0.04717908,-0.2453612,NSGA_TANDEM/gen001/03_OPT/00/NSGA1_000/DES_00643,,1,03_OPT/00/NSGA1_000/DES_00643,
0.5066666667,0.3166666667,0.4941176471,0.5537254902,0.557254902,0.2517647059,0.1280784314,7.388235294,0.5552941176,0.5905882353,0.88,0.3647058824,0.6721568627,1.035294118,0.5684705882,0.1321568627,0.9205882353,0.7752941176,,1.001203,1.000908,NSGA_TANDEM/gen001/03_OPT/00/NSGA1_000/DES_00645,,1,03_OPT/00/NSGA1_000/DES_00645,
0.5033333333,0.3933333333,0.5694117647,0.4360784314,0.4309803922,0.4941176471,0.1066666667,1.788235294,0.5992156863,0.422745098,0.9023529412,0.3960784314,0.6470588235,0.2745098039,0.6094117647,0.1650980392,0.9205882353,0.8380392157,,-0.5518565,-0.3855021,NSGA_TANDEM/gen001/03_OPT/00/NSGA1_000/DES_00646,,1,03_OPT/00/NSGA1_000/DES_00646,
0.3666666667,0.36,0.4941176471,0.5678431373,0.3760784314,0.3835294118,0.1270588235,8.211764706,0.5960784314,0.5921568627,0.8605882353,0.3482352941,0.64,0.6352941176,0.6715294118,0.1262745098,0.9264705882,0.7501960784,,0.2731152,0.1720206,NSGA_TANDEM/gen001/03_OPT/00/NSGA1_000/DES_00647,,1,03_OPT/00/NSGA1_000/DES_00647,
0.6,0.4533333333,0.5247058824,0.5552941176,0.3980392157,0.3882352941,0.1311372549,-7.764705882,0.577254902,0.5309803922,0.8788235294,0.382745098,0.6690196078,0.7294117647,0.6616470588,0.1270588235,0.9156862745,0.7580392157,,0.6336436,0.6411061,NSGA_TANDEM/gen001/03_OPT/00/NSGA1_000/DES_00648,,1,03_OPT/00/NSGA1_000/DES_00648,
0.3933333333,0.2866666667,0.5529411765,0.5380392157,0.4721568627,0.5458823529,0.09290196078,10.84705882,0.2917647059,0.4384313725,0.9141176471,0.3764705882,0.6517647059,0.3529411765,0.5303529412,0.1811764706,0.918627451,0.8450980392,,-0.9257196,-0.8773381,NSGA_TANDEM/gen001/03_OPT/00/NSGA1_000/DES_00649,,1,03_OPT/00/NSGA1_000/DES_00649,
0.5466666667,0.67,0.5505882353,0.4141176471,0.5874509804,0.4517647059,0.1224705882,2.941176471,0.5145098039,0.4054901961,0.9029411765,0.2603921569,0.6133333333,1.129411765,0.7802352941,0.1121568627,0.9058823529,0.7447058824,,-0.05659547,-0.3426755,NSGA_TANDEM/gen001/03_OPT/00/NSGA1_000/DES_00650,,1,03_OPT/00/NSGA1_000/DES_00650,
0.5733333333,0.4233333333,0.3858823529,0.4831372549,0.4556862745,0.5247058824,0.1392941176,3.764705882,0.5584313725,0.5231372549,0.8952941176,0.3545098039,0.6392156863,1.066666667,0.6828235294,0.1658823529,0.9254901961,0.7925490196,,1.062572,1.299168,NSGA_TANDEM/gen001/03_OPT/00/NSGA1_000/DES_00651,,1,03_OPT/00/NSGA1_000/DES_00651,
0.32,0.2066666667,0.3976470588,0.5035294118,0.4776470588,0.2823529412,0.09137254902,-9.576470588,0.5615686275,0.4635294118,0.8729411765,0.3082352941,0.6266666667,1.160784314,0.6334117647,0.1407843137,0.9058823529,0.7549019608,,-0.3469505,-0.9613363,NSGA_TANDEM/gen001/03_OPT/00/NSGA1_000/DES_00652,,1,03_OPT/00/NSGA1_000/DES_00652,
0.41,0.4933333333,0.4258823529,0.4219607843,0.4721568627,0.3482352941,0.1132941176,7.552941176,0.351372549,0.3301960784,0.93,0.3780392157,0.6337254902,1.858823529,0.5458823529,0.1862745098,0.9441176471,0.7047058824,,0.1060354,-0.7188826,NSGA_TANDEM/gen001/03_OPT/00/NSGA1_000/DES_00653,,1,03_OPT/00/NSGA1_000/DES_00653,
0.5166666667,0.36,0.5435294118,0.448627451,0.1894117647,0.5741176471,0.1459215686,7.388235294,0.5396078431,0.4949019608,0.8894117647,0.3129411765,0.6352941176,0.6274509804,0.6616470588,0.1701960784,0.912745098,0.7705882353,,0.5255924,0.2429885,NSGA_TANDEM/gen001/03_OPT/00/NSGA1_000/DES_00655,,1,03_OPT/00/NSGA1_000/DES_00655,
0.4633333333,0.4133333333,0.3741176471,0.5474509804,0.3952941176,0.5717647059,0.1377647059,7.388235294,0.5835294118,0.537254902,0.89,0.3317647059,0.6745098039,1.482352941,0.6588235294,0.1509803922,0.9323529412,0.7619607843,,0.4269154,0.5284144,NSGA_TANDEM/gen001/03_OPT/00/NSGA1_000/DES_00656,,1,03_OPT/00/NSGA1_000/DES_00656,
0.3866666667,0.2133333333,0.5152941176,0.4784313725,0.3898039216,0.5647058824,0.1454117647,-1.176470588,0.3701960784,0.4933333333,0.9047058824,0.2854901961,0.7450980392,0.9568627451,0.5007058824,0.1360784314,0.9215686275,0.8223529412,,0.405919,0.7367541,NSGA_TANDEM/gen001/03_OPT/00/NSGA1_000/DES_00659,,1,03_OPT/00/NSGA1_000/DES_00659,
0.6066666667,0.56,0.4705882353,0.4643137255,0.5325490196,0.5741176471,0.1143137255,-8.917647059,0.448627451,0.3176470588,0.8788235294,0.3537254902,0.657254902,0.7921568627,0.7491764706,0.1250980392,0.9,0.7925490196,,-0.3965133,-0.7693444,NSGA_TANDEM/gen001/03_OPT/00/NSGA1_000/DES_00661,,1,03_OPT/00/NSGA1_000/DES_00661,
0.24,0.5,0.4870588235,0.4345098039,0.08235294118,0.5529411765,0.1234901961,7.882352941,0.4862745098,0.4070588235,0.8747058824,0.3058823529,0.6454901961,1.184313725,0.6051764706,0.1282352941,0.9343137255,0.7462745098,,-0.2262467,-0.8076142,NSGA_TANDEM/gen001/03_OPT/00/NSGA1_000/DES_00662,,1,03_OPT/00/NSGA1_000/DES_00662,
0.63,0.46,0.4470588235,0.4643137255,0.3074509804,0.5011764706,0.136745098,-3.152941176,0.1192156863,0.5309803922,0.94,0.302745098,0.6894117647,0.4156862745,0.488,0.1482352941,0.868627451,0.7964705882,,0.585617,0.3246554,NSGA_TANDEM/gen001/03_OPT/00/NSGA1_000/DES_00664,,1,03_OPT/00/NSGA1_000/DES_00664,
0.3466666667,0.3633333333,0.5552941176,0.5066666667,0.6039215686,0.4705882353,0.09901960784,5.411764706,0.5615686275,0.4823529412,0.8729411765,0.3568627451,0.6776470588,1.537254902,0.6263529412,0.18,0.9068627451,0.8011764706,,-0.4356826,-0.06331924,NSGA_TANDEM/gen001/03_OPT/00/NSGA1_000/DES_00665,,1,03_OPT/00/NSGA1_000/DES_00665,
0.3733333333,0.3633333333,0.48,0.4188235294,0.4117647059,0.5294117647,0.1296078431,6.4,0.5552941176,0.3631372549,0.8782352941,0.3419607843,0.6274509804,0.9411764706,0.7477647059,0.1254901961,0.9264705882,0.7823529412,,-0.1733724,-0.4109788,NSGA_TANDEM/gen001/03_OPT/00/NSGA1_000/DES_00666,,1,03_OPT/00/NSGA1_000/DES_00666,
0.1666666667,0.51,0.4776470588,0.4768627451,0.4364705882,0.4,0.104627451,-9.247058824,0.4768627451,0.4603921569,0.9741176471,0.257254902,0.6525490196,1.850980392,0.5077647059,0.1639215686,0.9362745098,0.7470588235,,-0.1824506,-0.3470394,NSGA_TANDEM/gen001/03_OPT/00/NSGA1_000/DES_00667,,1,03_OPT/00/NSGA1_000/DES_00667,
0.5733333333,0.25,0.5670588235,0.4203921569,0.422745098,0.4564705882,0.1066666667,3.105882353,0.5552941176,0.408627451,0.8994117647,0.3278431373,0.6494117647,0.9019607843,0.7322352941,0.1278431373,0.9215686275,0.8231372549,,-0.5381893,-0.4284401,NSGA_TANDEM/gen001/03_OPT/00/NSGA1_000/DES_00668,,1,03_OPT/00/NSGA1_000/DES_00668,
0.4366666667,0.4566666667,0.56,0.4392156863,0.3541176471,0.5035294118,0.143372549,7.552941176,0.4705882353,0.5262745098,0.9494117647,0.2870588235,0.6494117647,0.7529411765,0.7350588235,0.1807843137,0.9274509804,0.7525490196,,1.08424,0.7660905,NSGA_TANDEM/gen001/03_OPT/00/NSGA1_000/DES_00669,,1,03_OPT/00/NSGA1_000/DES_00669,
0.4133333333,0.2333333333,0.5882352941,0.4580392157,0.5105882353,0.5129411765,0.09596078431,10.84705882,0.4078431373,0.4745098039,0.9517647059,0.3592156863,0.6219607843,0.1882352941,0.6094117647,0.1654901961,0.9333333333,0.7807843137,,-0.554071,-1.014593,NSGA_TANDEM/gen001/03_OPT/00/NSGA1_000/DES_00670,,1,03_OPT/00/NSGA1_000/DES_00670,
0.27,0.3433333333,0.4164705882,0.6039215686,0.6835294118,0.4517647059,0.06333333333,0.8,0.6650980392,0.5341176471,0.8758823529,0.3254901961,0.7294117647,0.8156862745,0.6037647059,0.1643137255,0.912745098,0.8043137255,,-0.7991322,-1.131352,NSGA_TANDEM/gen001/03_OPT/00/NSGA1_000/DES_00671,,1,03_OPT/00/NSGA1_000/DES_00671,
0.5566666667,0.2,0.56,0.511372549,0.3952941176,0.5835294118,0.1015686275,7.223529412,0.5552941176,0.4823529412,0.8894117647,0.328627451,0.6352941176,1.137254902,0.6390588235,0.1341176471,0.9235294118,0.7901960784,,-0.6934142,-0.9149726,NSGA_TANDEM/gen001/03_OPT/00/NSGA1_000/DES_00672,,1,03_OPT/00/NSGA1_000/DES_00672,
0.35,0.6666666667,0.5694117647,0.4109803922,0.4117647059,0.36,0.1030980392,-2.494117647,0.3984313725,0.4039215686,0.9411764706,0.3294117647,0.6290196078,1.607843137,0.5571764706,0.1474509804,0.9392156863,0.7776470588,,-0.2360662,-0.2002322,NSGA_TANDEM/gen001/03_OPT/00/NSGA1_000/DES_00674,,1,03_OPT/00/NSGA1_000/DES_00674,
0.41,0.41,0.4588235294,0.4203921569,0.2223529412,0.5835294118,0.1387843137,2.282352941,0.6211764706,0.5811764706,0.9047058824,0.3231372549,0.6117647059,0.5960784314,0.6828235294,0.168627451,0.9205882353,0.731372549,,0.3826279,0.001212132,NSGA_TANDEM/gen001/03_OPT/00/NSGA1_000/DES_00675,,1,03_OPT/00/NSGA1_000/DES_00675,
0.3366666667,0.3366666667,0.2658823529,0.4031372549,0.557254902,0.4635294118,0.1127843137,3.6,0.3858823529,0.5984313725,0.9217647059,0.2933333333,0.6235294118,1.254901961,0.584,0.1682352941,0.9294117647,0.7541176471,,-0.02343033,-0.2600968,NSGA_TANDEM/gen001/03_OPT/00/NSGA1_000/DES_00676,,1,03_OPT/00/NSGA1_000/DES_00676,
0.66,0.48,0.5129411765,0.4941176471,0.6203921569,0.5717647059,0.1474509804,7.882352941,0.7121568627,0.4949019608,0.8811764706,0.3490196078,0.6682352941,0.7843137255,0.5910588235,0.1317647059,0.9147058824,0.7439215686,,0.2182814,0.387659,NSGA_TANDEM/gen001/03_OPT/00/NSGA1_000/DES_00677,,1,03_OPT/00/NSGA1_000/DES_00677,
0.3833333333,0.2933333333,0.4117647059,0.4752941176,0.5407843137,0.4705882353,0.1214509804,4.588235294,0.288627451,0.5403921569,0.99,0.3764705882,0.631372549,0.5803921569,0.4908235294,0.157254902,0.9156862745,0.8160784314,,0.02846127,0.3998606,NSGA_TANDEM/gen001/03_OPT/00/NSGA1_000/DES_00678,,1,03_OPT/00/NSGA1_000/DES_00678,
0.2933333333,0.4133333333,0.4729411765,0.4423529412,0.3678431373,0.5835294118,0.1398039216,-2.329411765,0.511372549,0.5184313725,0.9317647059,0.3098039216,0.6094117647,1.02745098,0.7308235294,0.157254902,0.9088235294,0.717254902,,0.4092191,0.09927898,NSGA_TANDEM/gen001/03_OPT/00/NSGA1_000/DES_00679,,1,03_OPT/00/NSGA1_000/DES_00679,
0.74,0.53,0.4705882353,0.5694117647,0.09058823529,0.5576470588,0.1341960784,5.082352941,0.6180392157,0.4007843137,0.8523529412,0.3294117647,0.6054901961,1.262745098,0.5797647059,0.1290196078,0.9147058824,0.788627451,,0.01118688,0.0613415,NSGA_TANDEM/gen001/03_OPT/00/NSGA1_000/DES_00680,,1,03_OPT/00/NSGA1_000/DES_00680,
0.2,0.2766666667,0.4564705882,0.5584313725,0.628627451,0.4823529412,0.09952941176,-1.011764706,0.7843137255,0.4698039216,0.9135294118,0.3623529412,0.6815686275,0.6039215686,0.4894117647,0.1533333333,0.9176470588,0.8317647059,,-0.8446641,-0.557861,NSGA_TANDEM/gen001/03_OPT/00/NSGA1_000/DES_00681,,1,03_OPT/00/NSGA1_000/DES_00681,
0.4466666667,0.15,0.5741176471,0.4658823529,0.4666666667,0.4376470588,0.1117647059,8.047058824,0.3890196078,0.4462745098,0.9411764706,0.3921568627,0.6031372549,0.4392156863,0.5416470588,0.1878431373,0.8882352941,0.8270588235,,-0.1609489,-0.00263798,NSGA_TANDEM/gen001/03_OPT/00/NSGA1_000/DES_00682,,1,03_OPT/00/NSGA1_000/DES_00682,
0.3433333333,0.5233333333,0.4235294118,0.4156862745,0.5188235294,0.3764705882,0.09901960784,-8.423529412,0.09411764706,0.4556862745,0.9276470588,0.2996078431,0.6368627451,0.7450980392,0.4414117647,0.1392156863,0.9098039216,0.8019607843,,-0.4810419,-0.6244437,NSGA_TANDEM/gen001/03_OPT/00/NSGA1_000/DES_00683,,1,03_OPT/00/NSGA1_000/DES_00683,
0.6066666667,0.3566666667,0.4964705882,0.4941176471,0.3678431373,0.5411764706,0.1204313725,3.435294118,0.4674509804,0.5701960784,0.8988235294,0.3537254902,0.6941176471,0.6509803922,0.6037647059,0.1478431373,0.918627451,0.7698039216,,-0.1158252,-0.3764282,NSGA_TANDEM/gen001/03_OPT/00/NSGA1_000/DES_00684,,1,03_OPT/00/NSGA1_000/DES_00684,
0.45,0.4333333333,0.4988235294,0.48,0.5407843137,0.4729411765,0.1296078431,7.388235294,0.5176470588,0.3003921569,0.9076470588,0.3152941176,0.6203921569,1.043137255,0.6955294118,0.1164705882,0.9490196078,0.8019607843,,-0.3695809,-0.1785675,NSGA_TANDEM/gen001/03_OPT/00/NSGA1_000/DES_00685,,1,03_OPT/00/NSGA1_000/DES_00685,
0.3833333333,0.45,0.44,0.4282352941,0.5490196078,0.4870588235,0.1143137255,4.094117647,0.3419607843,0.5231372549,0.9364705882,0.3607843137,0.6384313725,0.9333333333,0.5444705882,0.1698039216,0.9245098039,0.7329411765,,-0.08362021,-0.2875055,NSGA_TANDEM/gen001/03_OPT/00/NSGA1_000/DES_00686,,1,03_OPT/00/NSGA1_000/DES_00686,
0.5533333333,0.6033333333,0.5317647059,0.4705882353,0.5078431373,0.3176470588,0.1336862745,9.2,0.6870588235,0.4776470588,0.9247058824,0.3098039216,0.6556862745,0.9725490196,0.5134117647,0.1317647059,0.9029411765,0.7682352941,,0.6396154,0.5115349,NSGA_TANDEM/gen001/03_OPT/00/NSGA1_000/DES_00687,,1,03_OPT/00/NSGA1_000/DES_00687,
0.3233333333,0.3166666667,0.4023529412,0.4674509804,0.5984313725,0.5717647059,0.1326666667,-1.835294118,0.4580392157,0.4823529412,0.9035294118,0.3317647059,0.711372549,1.341176471,0.5416470588,0.1458823529,0.9362745098,0.7980392157,,0.03495413,0.5168944,NSGA_TANDEM/gen001/03_OPT/00/NSGA1_000/DES_00688,,1,03_OPT/00/NSGA1_000/DES_00688,
0.4166666667,0.5,0.4023529412,0.4125490196,0.5545098039,0.4211764706,0.1168627451,8.541176471,0.01254901961,0.5498039216,0.9417647059,0.3176470588,0.6564705882,0.4235294118,0.4992941176,0.1294117647,0.8578431373,0.8050980392,,0.067127,-0.1314124,NSGA_TANDEM/gen001/03_OPT/00/NSGA1_000/DES_00690,,1,03_OPT/00/NSGA1_000/DES_00690,
0.49,0.5466666667,0.3505882353,0.4454901961,0.6560784314,0.5058823529,0.07811764706,5.576470588,0.4737254902,0.377254902,0.9170588235,0.3521568627,0.6815686275,1.435294118,0.5670588235,0.14,0.9049019608,0.7815686275,,-0.7946169,-1.182913,NSGA_TANDEM/gen001/03_OPT/00/NSGA1_000/DES_00691,,1,03_OPT/00/NSGA1_000/DES_00691,
0.76,0.83,0.4094117647,0.4878431373,0.5654901961,0.5529411765,0.1178823529,4.917647059,0.5145098039,0.3960784314,0.8652941176,0.3443137255,0.6737254902,1.129411765,0.6771764706,0.171372549,0.918627451,0.8254901961,,-0.05673003,0.1718857,NSGA_TANDEM/gen001/03_OPT/00/NSGA1_000/DES_00694,,1,03_OPT/00/NSGA1_000/DES_00694,
0.2766666667,0.2733333333,0.5011764706,0.5364705882,0.2470588235,0.5647058824,0.08219607843,10.51764706,0.6901960784,0.4447058824,0.9341176471,0.3443137255,0.6360784314,0.9333333333,0.6023529412,0.1380392157,0.9009803922,0.7917647059,,-0.5352508,-1.007376,NSGA_TANDEM/gen001/03_OPT/00/NSGA1_000/DES_00695,,1,03_OPT/00/NSGA1_000/DES_00695,
0.53,0.3433333333,0.5905882353,0.56,0.4447058824,0.5741176471,0.137254902,0.9647058824,0.3607843137,0.5450980392,0.9105882353,0.3223529412,0.7356862745,0.9960784314,0.5741176471,0.1380392157,0.9215686275,0.828627451,,0.492265,1.123784,NSGA_TANDEM/gen001/03_OPT/00/NSGA1_000/DES_00696,,1,03_OPT/00/NSGA1_000/DES_00696,
0.2733333333,0.4066666667,0.4423529412,0.4690196078,0.3431372549,0.3435294118,0.1041176471,-13.85882353,0.5176470588,0.4996078431,0.9311764706,0.2760784314,0.6321568627,1.607843137,0.4597647059,0.1792156863,0.8764705882,0.7564705882,,-0.003954633,-0.1031374,NSGA_TANDEM/gen001/03_OPT/00/NSGA1_000/DES_00697,,1,03_OPT/00/NSGA1_000/DES_00697,
0.35,0.3866666667,0.5341176471,0.5584313725,0.5407843137,0.3835294118,0.117372549,8.211764706,0.5898039216,0.4745098039,0.8782352941,0.3756862745,0.6423529412,1.647058824,0.6305882353,0.1615686275,0.9382352941,0.7603921569,,0.1910731,0.2490999,NSGA_TANDEM/gen001/03_OPT/00/NSGA1_000/DES_00698,,1,03_OPT/00/NSGA1_000/DES_00698,
0.44,0.44,0.4870588235,0.5223529412,0.4337254902,0.4988235294,0.1076862745,4.917647059,0.3576470588,0.5952941176,0.9247058824,0.3419607843,0.7121568627,0.6274509804,0.6362352941,0.1458823529,0.9254901961,0.8129411765,,-0.2091145,0.01941197,NSGA_TANDEM/gen001/03_OPT/00/NSGA1_000/DES_00699,,1,03_OPT/00/NSGA1_000/DES_00699,
0.58,0.6033333333,0.5788235294,0.4909803922,0.1125490196,0.5411764706,0.1408235294,7.058823529,0.6023529412,0.422745098,0.8805882353,0.32,0.6501960784,1.356862745,0.5317647059,0.1298039216,0.9235294118,0.7635294118,,0.2158013,0.1629538,NSGA_TANDEM/gen001/03_OPT/00/NSGA1_000/DES_00701,,1,03_OPT/00/NSGA1_000/DES_00701,
0.2533333333,0.24,0.2117647059,0.4282352941,0.488627451,0.4752941176,0.117372549,0.6352941176,0.2666666667,0.5858823529,0.9617647059,0.2658823529,0.6015686275,1.333333333,0.6207058824,0.1717647059,0.8980392157,0.748627451,,0.1769589,-0.07510801,NSGA_TANDEM/gen001/03_OPT/00/NSGA1_000/DES_00702,,1,03_OPT/00/NSGA1_000/DES_00702,
0.4,0.48,0.4070588235,0.5678431373,0.5792156863,0.5317647059,0.110745098,3.929411765,0.3294117647,0.5592156863,0.9376470588,0.3050980392,0.6133333333,1.098039216,0.5487058824,0.162745098,0.9166666667,0.7250980392,,-0.1558295,-0.3854238,NSGA_TANDEM/gen001/03_OPT/00/NSGA1_000/DES_00703,,1,03_OPT/00/NSGA1_000/DES_00703,
0.56,0.3766666667,0.5670588235,0.5019607843,0.5133333333,0.4705882353,0.08423529412,-4.141176471,0.4392156863,0.4415686275,0.9117647059,0.3505882353,0.6690196078,1.568627451,0.5021176471,0.1788235294,0.9078431373,0.8231372549,,-0.9853477,-0.7125138,NSGA_TANDEM/gen001/03_OPT/00/NSGA1_000/DES_00704,,1,03_OPT/00/NSGA1_000/DES_00704,
0.8066666667,0.4833333333,0.5411764706,0.5317647059,0.5901960784,0.4,0.1025882353,-1.505882353,0.542745098,0.5090196078,0.8711764706,0.3725490196,0.6509803922,1.090196078,0.6743529412,0.1611764706,0.8911764706,0.7745098039,,0.0003332048,-0.1041189,NSGA_TANDEM/gen001/03_OPT/00/NSGA1_000/DES_00705,,1,03_OPT/00/NSGA1_000/DES_00705,
0.3966666667,0.2733333333,0.44,0.5066666667,0.3650980392,0.3788235294,0.0837254902,-2.823529412,0.1192156863,0.5529411765,0.9958823529,0.3396078431,0.6235294118,0.2901960784,0.5642352941,0.1588235294,0.9264705882,0.7964705882,,-0.5908823,-1.040377,NSGA_TANDEM/gen001/03_OPT/00/NSGA1_000/DES_00706,,1,03_OPT/00/NSGA1_000/DES_00706,
0.4133333333,0.5766666667,0.3694117647,0.4862745098,0.5462745098,0.5505882353,0.1030980392,10.68235294,0.3921568627,0.5247058824,0.9041176471,0.3247058824,0.6015686275,1.160784314,0.7025882353,0.1470588235,0.931372549,0.78,,-0.5118273,-0.6143914,NSGA_TANDEM/gen001/03_OPT/00/NSGA1_000/DES_00707,,1,03_OPT/00/NSGA1_000/DES_00707,
0.16,0.2066666667,0.5105882353,0.4141176471,0.4364705882,0.48,0.1214509804,9.529411765,0.6776470588,0.4933333333,0.9294117647,0.3607843137,0.608627451,1.450980392,0.6574117647,0.1678431373,0.9039215686,0.8043137255,,0.2040534,0.4871719,NSGA_TANDEM/gen001/03_OPT/00/NSGA1_000/DES_00708,,1,03_OPT/00/NSGA1_000/DES_00708,
0.2666666667,0.1566666667,0.5388235294,0.5207843137,0.6203921569,0.48,0.1199215686,-2.823529412,0.6211764706,0.4666666667,0.9241176471,0.3733333333,0.6329411765,0.6039215686,0.4978823529,0.1588235294,0.8754901961,0.8443137255,,0.04387984,0.4664855,NSGA_TANDEM/gen001/03_OPT/00/NSGA1_000/DES_00710,,1,03_OPT/00/NSGA1_000/DES_00710,
0.6766666667,0.53,0.56,0.5098039216,0.4062745098,0.3435294118,0.1163529412,-3.647058824,0.4517647059,0.3992156863,0.8935294118,0.3380392157,0.7019607843,0.9333333333,0.6771764706,0.1784313725,0.9205882353,0.8254901961,,0.7613097,0.7007517,NSGA_TANDEM/gen001/03_OPT/00/NSGA1_000/DES_00711,,1,03_OPT/00/NSGA1_000/DES_00711,
0.5333333333,0.59,0.5505882353,0.542745098,0.6643137255,0.4517647059,0.09137254902,10.35294118,0.7843137255,0.4541176471,0.8923529412,0.368627451,0.6549019608,1.215686275,0.5924705882,0.1470588235,0.9235294118,0.7909803922,,-0.7980923,-0.7847053,NSGA_TANDEM/gen001/03_OPT/00/NSGA1_000/DES_00712,,1,03_OPT/00/NSGA1_000/DES_00712,
0.44,0.3933333333,0.4070588235,0.4360784314,0.5462745098,0.48,0.1443921569,-7.6,0.1411764706,0.5654901961,0.9582352941,0.3207843137,0.6698039216,0.5882352941,0.5063529412,0.1384313725,0.9460784314,0.8011764706,,0.9643138,1.191482,NSGA_TANDEM/gen001/03_OPT/00/NSGA1_000/DES_00713,,1,03_OPT/00/NSGA1_000/DES_00713,
0.46,0.3866666667,0.3670588235,0.5803921569,0.3843137255,0.5670588235,0.1255294118,8.541176471,0.6368627451,0.5090196078,0.8841176471,0.311372549,0.6894117647,1.537254902,0.7378823529,0.151372549,0.9098039216,0.748627451,,0.1694056,0.02216042,NSGA_TANDEM/gen001/03_OPT/00/NSGA1_000/DES_00715,,1,03_OPT/00/NSGA1_000/DES_00715,
0.57,0.5633333333,0.5741176471,0.431372549,0.6643137255,0.3035294118,0.1362352941,5.741176471,0.6588235294,0.457254902,0.9129411765,0.3035294118,0.7137254902,0.8235294118,0.5317647059,0.1407843137,0.8960784314,0.7784313725,,1.064324,0.886079,NSGA_TANDEM/gen001/03_OPT/00/NSGA1_000/DES_00716,,1,03_OPT/00/NSGA1_000/DES_00716,
0.26,0.3633333333,0.4447058824,0.497254902,0.4364705882,0.5317647059,0.1148235294,-2.823529412,0.3733333333,0.5529411765,0.9023529412,0.3356862745,0.7207843137,1.137254902,0.56,0.1470588235,0.9274509804,0.82,,-0.2100195,0.2976726,NSGA_TANDEM/gen001/03_OPT/00/NSGA1_000/DES_00717,,1,03_OPT/00/NSGA1_000/DES_00717,
0.44,0.3466666667,0.52,0.5976470588,0.3843137255,0.5435294118,0.1036078431,4.752941176,0.3450980392,0.4007843137,0.8817647059,0.3701960784,0.6729411765,0.1019607843,0.5529411765,0.1945098039,0.8843137255,0.8576470588,,-0.4937182,-0.3969971,NSGA_TANDEM/gen001/03_OPT/00/NSGA1_000/DES_00718,,1,03_OPT/00/NSGA1_000/DES_00718,
0.6666666667,0.5333333333,0.4564705882,0.4611764706,0.5517647059,0.5364705882,0.098,-1.835294118,0.5050980392,0.3976470588,0.9017647059,0.3529411765,0.6235294118,0.6196078431,0.7844705882,0.1592156863,0.9401960784,0.8019607843,,-0.5484299,-0.9105945,NSGA_TANDEM/gen001/03_OPT/00/NSGA1_000/DES_00719,,1,03_OPT/00/NSGA1_000/DES_00719,
0.33,0.25,0.5364705882,0.4784313725,0.06862745098,0.5882352941,0.1102352941,-6.447058824,0.5929411765,0.4352941176,0.8664705882,0.3984313725,0.6305882353,1.098039216,0.5670588235,0.1454901961,0.9147058824,0.7470588235,,-0.3320585,-0.8573015,NSGA_TANDEM/gen001/03_OPT/00/NSGA1_000/DES_00720,,1,03_OPT/00/NSGA1_000/DES_00720,
0.5466666667,0.3733333333,0.4705882353,0.4,0.3129411765,0.4376470588,0.130627451,-6.117647059,0.6807843137,0.5152941176,0.9394117647,0.2996078431,0.6368627451,0.5098039216,0.7096470588,0.1596078431,0.8715686275,0.7674509804,,0.5685011,0.210756,NSGA_TANDEM/gen001/03_OPT/00/NSGA1_000/DES_00721,,1,03_OPT/00/NSGA1_000/DES_00721,
0.5366666667,0.5366666667,0.5811764706,0.4047058824,0.4392156863,0.4964705882,0.1245098039,10.18823529,0.1788235294,0.502745098,0.9011764706,0.3882352941,0.608627451,1.341176471,0.7647058824,0.1392156863,0.9480392157,0.7917647059,,0.3223567,0.674945,NSGA_TANDEM/gen001/03_OPT/00/NSGA1_000/DES_00722,,1,03_OPT/00/NSGA1_000/DES_00722,
0.3033333333,0.4666666667,0.5082352941,0.4,0.5490196078,0.3458823529,0.1143137255,2.776470588,0.3231372549,0.5529411765,0.9411764706,0.3160784314,0.6203921569,0.9960784314,0.4964705882,0.1682352941,0.9382352941,0.7964705882,,0.3575553,0.5190598,NSGA_TANDEM/gen001/03_OPT/00/NSGA1_000/DES_00723,,1,03_OPT/00/NSGA1_000/DES_00723,
0.6966666667,0.6933333333,0.4329411765,0.4203921569,0.5874509804,0.5576470588,0.1010588235,-2.164705882,0.5552941176,0.4431372549,0.8994117647,0.3537254902,0.6117647059,0.5098039216,0.6856470588,0.1729411765,0.9333333333,0.8450980392,,-0.6687332,-0.5048172,NSGA_TANDEM/gen001/03_OPT/00/NSGA1_000/DES_00724,,1,03_OPT/00/NSGA1_000/DES_00724,
0.4966666667,0.4366666667,0.4188235294,0.6023529412,0.4090196078,0.5788235294,0.1357254902,-2.329411765,0.6839215686,0.5733333333,0.8894117647,0.297254902,0.6658823529,1.207843137,0.6757647059,0.1643137255,0.9411764706,0.7368627451,,0.4529155,0.3298697,NSGA_TANDEM/gen001/03_OPT/00/NSGA1_000/DES_00725,,1,03_OPT/00/NSGA1_000/DES_00725,
0.4133333333,0.36,0.4658823529,0.4156862745,0.4996078431,0.4541176471,0.1056470588,3.105882353,0.3921568627,0.5419607843,0.9488235294,0.3435294118,0.6054901961,1.294117647,0.5557647059,0.1956862745,0.9490196078,0.7792156863,,-0.2580817,-0.1839622,NSGA_TANDEM/gen001/03_OPT/00/NSGA1_000/DES_00728,,1,03_OPT/00/NSGA1_000/DES_00728,
0.1533333333,0.24,0.56,0.5035294118,0.08509803922,0.52,0.1357254902,-1.670588235,0.6682352941,0.3835294118,0.8641176471,0.3419607843,0.6674509804,0.6901960784,0.536,0.1364705882,0.9401960784,0.7580392157,,-0.1017228,-0.6858102,NSGA_TANDEM/gen001/03_OPT/00/NSGA1_000/DES_00729,,1,03_OPT/00/NSGA1_000/DES_00729,
0.52,0.4966666667,0.4705882353,0.4658823529,0.3705882353,0.4941176471,0.1138039216,11.50588235,0.6431372549,0.471372549,0.8676470588,0.3678431373,0.6196078431,1.28627451,0.5910588235,0.1537254902,0.9215686275,0.8247058824,,-0.4544076,0.07525421,NSGA_TANDEM/gen001/03_OPT/00/NSGA1_000/DES_00730,,1,03_OPT/00/NSGA1_000/DES_00730,
0.34,0.5033333333,0.52,0.4862745098,0.3321568627,0.3482352941,0.08066666667,-13.85882353,0.7090196078,0.4384313725,0.9811764706,0.3466666667,0.6439215686,1.584313725,0.4767058824,0.1721568627,0.931372549,0.7760784314,,-0.6687967,-1.010784,NSGA_TANDEM/gen001/03_OPT/00/NSGA1_000/DES_00732,,1,03_OPT/00/NSGA1_000/DES_00732,
0.4066666667,0.4766666667,0.5952941176,0.4564705882,0.4501960784,0.4588235294,0.1357254902,10.02352941,0.3607843137,0.3035294118,0.8835294118,0.2784313725,0.6368627451,1.019607843,0.7350588235,0.1133333333,0.9382352941,0.8223529412,,-0.09413806,0.263543,NSGA_TANDEM/gen001/03_OPT/00/NSGA1_000/DES_00733,,1,03_OPT/00/NSGA1_000/DES_00733,
0.4,0.2466666667,0.5952941176,0.4941176471,0.488627451,0.4070588235,0.1250196078,10.68235294,0.5584313725,0.3850980392,0.8864705882,0.3890196078,0.6454901961,1.529411765,0.5628235294,0.1745098039,0.9117647059,0.8309803922,,0.3447665,0.6796015,NSGA_TANDEM/gen001/03_OPT/00/NSGA1_000/DES_00734,,1,03_OPT/00/NSGA1_000/DES_00734,
0.3333333333,0.3366666667,0.3929411765,0.4188235294,0.4392156863,0.4517647059,0.1250196078,6.894117647,0.288627451,0.3098039216,0.9205882353,0.3490196078,0.6156862745,1.333333333,0.5148235294,0.1643137255,0.9225490196,0.7219607843,,-0.02197142,-0.6175928,NSGA_TANDEM/gen001/03_OPT/00/NSGA1_000/DES_00735,,1,03_OPT/00/NSGA1_000/DES_00735,
0.4366666667,0.5133333333,0.5223529412,0.4643137255,0.1729411765,0.5882352941,0.1352156863,6.070588235,0.5929411765,0.5121568627,0.9294117647,0.3317647059,0.6407843137,0.7294117647,0.6277647059,0.177254902,0.9058823529,0.7878431373,,0.4560575,0.3209318,NSGA_TANDEM/gen001/03_OPT/00/NSGA1_000/DES_00736,,1,03_OPT/00/NSGA1_000/DES_00736,
0.61,0.3733333333,0.4141176471,0.4470588235,0.6396078431,0.4164705882,0.124,11.34117647,0.4894117647,0.4447058824,0.9147058824,0.3098039216,0.6203921569,1.270588235,0.6545882353,0.1105882353,0.9490196078,0.7807843137,,-0.3428286,-0.1550659,NSGA_TANDEM/gen001/03_OPT/00/NSGA1_000/DES_00737,,1,03_OPT/00/NSGA1_000/DES_00737,
0.2066666667,0.32,0.5035294118,0.4909803922,0.01647058824,0.5647058824,0.1336862745,1.294117647,0.608627451,0.3803921569,0.8823529412,0.3568627451,0.6470588235,0.9254901961,0.5741176471,0.1345098039,0.9362745098,0.748627451,,-0.1506335,-0.7405931,NSGA_TANDEM/gen001/03_OPT/00/NSGA1_000/DES_00738,,1,03_OPT/00/NSGA1_000/DES_00738,
0.3366666667,0.3366666667,0.2658823529,0.4031372549,0.4556862745,0.4635294118,0.1127843137,3.6,0.3858823529,0.5749019608,0.8935294118,0.3278431373,0.6235294118,1.254901961,0.6432941176,0.1682352941,0.9294117647,0.7541176471,,0.01380009,-0.3131882,NSGA_TANDEM/gen001/03_OPT/00/NSGA1_000/DES_00739,,1,03_OPT/00/NSGA1_000/DES_00739,
0.4033333333,0.7933333333,0.4894117647,0.4094117647,0.6176470588,0.5505882353,0.09749019608,-6.282352941,0.2792156863,0.5105882353,0.9017647059,0.3725490196,0.617254902,1.231372549,0.6898823529,0.1556862745,0.9490196078,0.8168627451,,-0.625214,-0.2365787,NSGA_TANDEM/gen001/03_OPT/00/NSGA1_000/DES_00740,,1,03_OPT/00/NSGA1_000/DES_00740,
0.2866666667,0.71,0.5317647059,0.4549019608,0.6588235294,0.5717647059,0.1071764706,0.6352941176,0.1788235294,0.4964705882,0.8841176471,0.3560784314,0.6219607843,1.317647059,0.6574117647,0.1462745098,0.9480392157,0.8058823529,,-0.4909252,0.06688466,NSGA_TANDEM/gen001/03_OPT/00/NSGA1_000/DES_00741,,1,03_OPT/00/NSGA1_000/DES_00741,
0.4966666667,0.2366666667,0.4611764706,0.5725490196,0.5517647059,0.5223529412,0.1387843137,7.552941176,0.4392156863,0.4854901961,0.9229411765,0.3662745098,0.6682352941,0.6274509804,0.5656470588,0.1435294118,0.9068627451,0.8035294118,,0.3010468,0.4809971,NSGA_TANDEM/gen001/03_OPT/00/NSGA1_000/DES_00742,,1,03_OPT/00/NSGA1_000/DES_00742,
0.2166666667,0.4133333333,0.3952941176,0.4862745098,0.4447058824,0.4847058824,0.09850980392,-3.482352941,0.222745098,0.582745098,0.9158823529,0.3301960784,0.6752941176,1.309803922,0.5077647059,0.1745098039,0.9470588235,0.7996078431,,-0.4981397,-0.1699374,NSGA_TANDEM/gen001/03_OPT/00/NSGA1_000/DES_00743,,1,03_OPT/00/NSGA1_000/DES_00743,
0.6066666667,0.5033333333,0.4070588235,0.4203921569,0.4282352941,0.4847058824,0.1438823529,-1.341176471,0.08784313725,0.5137254902,0.9470588235,0.3294117647,0.6454901961,0.1411764706,0.4894117647,0.1274509804,0.8431372549,0.86,,1.115859,1.147371,NSGA_TANDEM/gen001/03_OPT/00/NSGA1_000/DES_00744,,1,03_OPT/00/NSGA1_000/DES_00744,
0.4966666667,0.5166666667,0.3458823529,0.5521568627,0.4501960784,0.5435294118,0.1138039216,6.564705882,0.6180392157,0.5639215686,0.9129411765,0.3725490196,0.6525490196,1.301960784,0.6249411765,0.1482352941,0.9470588235,0.7721568627,,-0.3087608,-0.1471757,NSGA_TANDEM/gen001/03_OPT/00/NSGA1_000/DES_00745,,1,03_OPT/00/NSGA1_000/DES_00745,
0.3066666667,0.3166666667,0.5129411765,0.4878431373,0.3294117647,0.4141176471,0.09494117647,2.117647059,0.1380392157,0.5466666667,0.9935294118,0.3443137255,0.64,0.3450980392,0.6150588235,0.1447058824,0.931372549,0.797254902,,-0.4843454,-0.8055312,NSGA_TANDEM/gen001/03_OPT/00/NSGA1_000/DES_00746,,1,03_OPT/00/NSGA1_000/DES_00746,
0.6566666667,0.4266666667,0.4658823529,0.4549019608,0.5462745098,0.5270588235,0.1097254902,-6.282352941,0.4266666667,0.4039215686,0.9141176471,0.3725490196,0.6549019608,0.7843137255,0.7774117647,0.1698039216,0.9431372549,0.797254902,,-0.3054397,-0.377264,NSGA_TANDEM/gen001/03_OPT/00/NSGA1_000/DES_00747,,1,03_OPT/00/NSGA1_000/DES_00747,
0.5466666667,0.18,0.5835294118,0.5584313725,0.3403921569,0.5764705882,0.136745098,-1.011764706,0.5490196078,0.5592156863,0.9052941176,0.3874509804,0.6925490196,0.5333333333,0.6588235294,0.177254902,0.9490196078,0.7870588235,,0.5091898,0.5876964,NSGA_TANDEM/gen001/03_OPT/00/NSGA1_000/DES_00748,,1,03_OPT/00/NSGA1_000/DES_00748,
0.5866666667,0.3633333333,0.5905882353,0.5443137255,0.5325490196,0.4164705882,0.1071764706,5.247058824,0.542745098,0.3819607843,0.8558823529,0.3796078431,0.6196078431,1.223529412,0.5924705882,0.1505882353,0.9284313725,0.82,,-0.6112086,-0.1291048,NSGA_TANDEM/gen001/03_OPT/00/NSGA1_000/DES_00749,,1,03_OPT/00/NSGA1_000/DES_00749,
0.3833333333,0.42,0.4752941176,0.5050980392,0.3760784314,0.5788235294,0.1189019608,7.882352941,0.6650980392,0.5325490196,0.8752941176,0.3231372549,0.6133333333,0.9647058824,0.6870588235,0.1352941176,0.9137254902,0.78,,-0.2643003,-0.4257364,NSGA_TANDEM/gen001/03_OPT/00/NSGA1_000/DES_00751,,1,03_OPT/00/NSGA1_000/DES_00751,
0.4,0.5533333333,0.5505882353,0.4737254902,0.5462745098,0.3552941176,0.1484705882,9.035294118,0.5364705882,0.2768627451,0.9270588235,0.3231372549,0.6329411765,0.8784313725,0.7152941176,0.1149019608,0.887254902,0.7721568627,,0.8306256,0.6901329,NSGA_TANDEM/gen001/03_OPT/00/NSGA1_000/DES_00752,,1,03_OPT/00/NSGA1_000/DES_00752,
0.4333333333,0.2666666667,0.3670588235,0.4376470588,0.4419607843,0.4,0.1423529412,-1.176470588,0.1411764706,0.5858823529,0.9682352941,0.3223529412,0.6478431373,0.3764705882,0.5204705882,0.1176470588,0.9205882353,0.7847058824,,0.7701961,0.4925794,NSGA_TANDEM/gen001/03_OPT/00/NSGA1_000/DES_00753,,1,03_OPT/00/NSGA1_000/DES_00753,
0.5166666667,0.44,0.5388235294,0.4141176471,0.3733333333,0.5129411765,0.1030980392,7.552941176,0.1725490196,0.488627451,0.9005882353,0.3717647059,0.6305882353,1.309803922,0.7336470588,0.1368627451,0.9274509804,0.788627451,,-0.4182575,-0.4075176,NSGA_TANDEM/gen001/03_OPT/00/NSGA1_000/DES_00754,,1,03_OPT/00/NSGA1_000/DES_00754,
0.3666666667,0.4766666667,0.5176470588,0.5145098039,0.4803921569,0.4447058824,0.1041176471,4.423529412,0.1850980392,0.488627451,0.95,0.3576470588,0.6047058824,0.9803921569,0.5430588235,0.1764705882,0.9117647059,0.7933333333,,-0.1770708,-0.08958525,NSGA_TANDEM/gen001/03_OPT/00/NSGA1_000/DES_00755,,1,03_OPT/00/NSGA1_000/DES_00755,
0.22,0.3866666667,0.4258823529,0.4815686275,0.6149019608,0.4305882353,0.1183921569,-1.505882353,0.3043137255,0.5952941176,0.9547058824,0.3333333333,0.657254902,0.8,0.5261176471,0.1729411765,0.9411764706,0.828627451,,0.4940983,1.037714,NSGA_TANDEM/gen001/03_OPT/00/NSGA1_000/DES_00756,,1,03_OPT/00/NSGA1_000/DES_00756,
0.32,0.5666666667,0.4823529412,0.4658823529,0.4364705882,0.3411764706,0.1265490196,-5.294117647,0.4831372549,0.52,0.9617647059,0.3105882353,0.6250980392,1.615686275,0.4710588235,0.1666666667,0.9470588235,0.7462745098,,0.9339851,0.7678373,NSGA_TANDEM/gen001/03_OPT/00/NSGA1_000/DES_00757,,1,03_OPT/00/NSGA1_000/DES_00757,
0.47,0.2733333333,0.5270588235,0.4643137255,0.4968627451,0.5858823529,0.08219607843,5.576470588,0.6337254902,0.3992156863,0.8752941176,0.3552941176,0.6015686275,0.2431372549,0.512,0.1709803922,0.887254902,0.8592156863,,-0.8606035,-1.245702,NSGA_TANDEM/gen001/03_OPT/00/NSGA1_000/DES_00758,,1,03_OPT/00/NSGA1_000/DES_00758,
0.3933333333,0.33,0.5552941176,0.5443137255,0.3952941176,0.4564705882,0.1000392157,6.235294118,0.5960784314,0.4258823529,0.9176470588,0.3568627451,0.6023529412,1.28627451,0.6616470588,0.1501960784,0.9362745098,0.8223529412,,-0.7407177,-0.423536,NSGA_TANDEM/gen001/03_OPT/00/NSGA1_000/DES_00759,,1,03_OPT/00/NSGA1_000/DES_00759,
0.46,0.2366666667,0.5176470588,0.5647058824,0.5435294118,0.5435294118,0.1321568627,-0.3529411765,0.3639215686,0.5356862745,0.8964705882,0.2745098039,0.7192156863,1.278431373,0.5091764706,0.1603921569,0.9480392157,0.7925490196,,0.06880242,0.6287107,NSGA_TANDEM/gen001/03_OPT/00/NSGA1_000/DES_00760,,1,03_OPT/00/NSGA1_000/DES_00760,
0.6366666667,0.3533333333,0.5905882353,0.4988235294,0.4858823529,0.3858823529,0.09647058824,-8.752941176,0.4047058824,0.3976470588,0.88,0.368627451,0.6384313725,1.254901961,0.5204705882,0.1690196078,0.9019607843,0.7894117647,,-0.4804925,-0.5176884,NSGA_TANDEM/gen001/03_OPT/00/NSGA1_000/DES_00761,,1,03_OPT/00/NSGA1_000/DES_00761,
0.5966666667,0.51,0.5317647059,0.6305882353,0.1701960784,0.4352941176,0.1301176471,5.411764706,0.5145098039,0.3537254902,0.8764705882,0.342745098,0.657254902,1.11372549,0.5769411765,0.1752941176,0.9058823529,0.8098039216,,0.7661063,0.7938009,NSGA_TANDEM/gen001/03_OPT/00/NSGA1_000/DES_00762,,1,03_OPT/00/NSGA1_000/DES_00762,
0.5966666667,0.5233333333,0.5835294118,0.4282352941,0.6121568627,0.4964705882,0.1352156863,10.02352941,0.6682352941,0.5184313725,0.8976470588,0.3043137255,0.657254902,0.8862745098,0.6277647059,0.1180392157,0.9196078431,0.7117647059,,-0.05366092,-0.3816434,NSGA_TANDEM/gen001/03_OPT/00/NSGA1_000/DES_00763,,1,03_OPT/00/NSGA1_000/DES_00763,
0.5466666667,0.27,0.4329411765,0.5239215686,0.422745098,0.4894117647,0.1138039216,6.235294118,0.448627451,0.5733333333,0.8917647059,0.3921568627,0.6925490196,0.6352941176,0.6235294118,0.1494117647,0.9029411765,0.8098039216,,-0.04579515,0.07919231,NSGA_TANDEM/gen001/03_OPT/00/NSGA1_000/DES_00764,,1,03_OPT/00/NSGA1_000/DES_00764,
0.4766666667,0.3133333333,0.3717647059,0.4517647059,0.422745098,0.3717647059,0.1199215686,2.447058824,0.3356862745,0.4823529412,0.9705882353,0.3670588235,0.6321568627,0.9803921569,0.5628235294,0.1843137255,0.931372549,0.7964705882,,0.502658,0.5263482,NSGA_TANDEM/gen001/03_OPT/00/NSGA1_000/DES_00765,,1,03_OPT/00/NSGA1_000/DES_00765,
0.7466666667,0.5633333333,0.4917647059,0.4941176471,0.28,0.4494117647,0.1398039216,2.776470588,0.4517647059,0.3960784314,0.8976470588,0.3592156863,0.6345098039,0.8862745098,0.5247058824,0.1992156863,0.8843137255,0.7674509804,,1.323603,1.031693,NSGA_TANDEM/gen001/03_OPT/00/NSGA1_000/DES_00766,,1,03_OPT/00/NSGA1_000/DES_00766,
0.37,0.5333333333,0.5835294118,0.5098039216,0.3843137255,0.4423529412,0.06180392157,6.4,0.48,0.3458823529,0.9176470588,0.391372549,0.6635294118,0.7764705882,0.6263529412,0.1490196078,0.9088235294,0.8607843137,,-0.7472409,-1.376838,NSGA_TANDEM/gen001/03_OPT/00/NSGA1_000/DES_00767,,1,03_OPT/00/NSGA1_000/DES_00767,
0.57,0.49,0.4,0.4360784314,0.5682352941,0.3835294118,0.1189019608,9.694117647,0.4862745098,0.2047058824,0.9076470588,0.2807843137,0.6070588235,1.717647059,0.6687058824,0.1098039216,0.9382352941,0.7541176471,,-0.4158004,-0.6668954,NSGA_TANDEM/gen001/03_OPT/00/NSGA1_000/DES_00768,,1,03_OPT/00/NSGA1_000/DES_00768,
0.4266666667,0.2766666667,0.5152941176,0.4,0.2635294118,0.5694117647,0.1449019608,4.752941176,0.4329411765,0.5356862745,0.8941176471,0.3215686275,0.6392156863,0.4392156863,0.6644705882,0.1701960784,0.9107843137,0.7682352941,,0.5385327,0.2436594,NSGA_TANDEM/gen001/03_OPT/00/NSGA1_000/DES_00769,,1,03_OPT/00/NSGA1_000/DES_00769,
0.4066666667,0.4466666667,0.5505882353,0.4517647059,0.5490196078,0.5341176471,0.1122745098,8.211764706,0.2949019608,0.5403921569,0.9458823529,0.3349019608,0.6439215686,0.9960784314,0.5345882353,0.1733333333,0.8941176471,0.7894117647,,-0.08204588,0.02099044,NSGA_TANDEM/gen001/03_OPT/00/NSGA1_000/DES_00770,,1,03_OPT/00/NSGA1_000/DES_00770,
0.37,0.4033333333,0.1811764706,0.4078431373,0.5956862745,0.5858823529,0.1214509804,4.917647059,0.3890196078,0.5403921569,0.9223529412,0.3105882353,0.6015686275,1.011764706,0.5345882353,0.1760784314,0.8833333333,0.7760784314,,-0.04081154,-0.14334,NSGA_TANDEM/gen001/03_OPT/00/NSGA1_000/DES_00771,,1,03_OPT/00/NSGA1_000/DES_00771,
0.2533333333,0.47,0.5505882353,0.5192156863,0.3403921569,0.3858823529,0.1127843137,4.258823529,0.3074509804,0.5466666667,0.9758823529,0.2360784314,0.6807843137,0.6980392157,0.4964705882,0.1666666667,0.9441176471,0.7917647059,,-0.0377127,-0.0487371,NSGA_TANDEM/gen001/03_OPT/00/NSGA1_000/DES_00772,,1,03_OPT/00/NSGA1_000/DES_00772,
0.3533333333,0.4866666667,0.5082352941,0.4925490196,0.03568627451,0.5388235294,0.1183921569,2.941176471,0.4549019608,0.4494117647,0.89,0.3145098039,0.6462745098,1.043137255,0.68,0.1341176471,0.9392156863,0.74,,-0.1555565,-0.7748339,NSGA_TANDEM/gen001/03_OPT/00/NSGA1_000/DES_00773,,1,03_OPT/00/NSGA1_000/DES_00773,
0.7,0.42,0.5317647059,0.4533333333,0.5847058824,0.56,0.1311372549,10.02352941,0.7058823529,0.4854901961,0.8941176471,0.2847058824,0.6533333333,0.768627451,0.5684705882,0.1243137255,0.8735294118,0.7698039216,,-0.1899222,-0.4202872,NSGA_TANDEM/gen001/03_OPT/00/NSGA1_000/DES_00774,,1,03_OPT/00/NSGA1_000/DES_00774,
0.4133333333,0.4133333333,0.4376470588,0.5270588235,0.1701960784,0.5623529412,0.1489803922,3.270588235,0.6619607843,0.4509803922,0.8570588235,0.32,0.6384313725,0.9960784314,0.5571764706,0.1435294118,0.9274509804,0.7807843137,,0.3704776,0.3521889,NSGA_TANDEM/gen001/03_OPT/00/NSGA1_000/DES_00775,,1,03_OPT/00/NSGA1_000/DES_00775,
0.38,0.3533333333,0.44,0.5349019608,0.3623529412,0.4470588235,0.0791372549,-3.811764706,0.1568627451,0.5937254902,0.9935294118,0.3301960784,0.6149019608,0.2823529412,0.5868235294,0.1529411765,0.8960784314,0.7980392157,,-0.5095263,-1.012521,NSGA_TANDEM/gen001/03_OPT/00/NSGA1_000/DES_00779,,1,03_OPT/00/NSGA1_000/DES_00779,
0.28,0.1566666667,0.5529411765,0.5254901961,0.3980392157,0.4376470588,0.1020784314,10.35294118,0.3105882353,0.4290196078,0.94,0.368627451,0.6376470588,0.5254901961,0.5007058824,0.1576470588,0.9049019608,0.8176470588,,-0.6047189,-0.7081004,NSGA_TANDEM/gen001/03_OPT/00/NSGA1_000/DES_00780,,1,03_OPT/00/NSGA1_000/DES_00780,
0.52,0.3933333333,0.2305882353,0.4423529412,0.4996078431,0.5505882353,0.104627451,0.4705882353,0.4768627451,0.5592156863,0.9258823529,0.2839215686,0.6243137255,1.074509804,0.5458823529,0.168627451,0.8980392157,0.7423529412,,-0.293583,-0.8638285,NSGA_TANDEM/gen001/03_OPT/00/NSGA1_000/DES_00781,,1,03_OPT/00/NSGA1_000/DES_00781,
0.37,0.46,0.5505882353,0.4470588235,0.2141176471,0.5247058824,0.130627451,1.129411765,0.3733333333,0.4368627451,0.8941176471,0.3231372549,0.6,0.9568627451,0.7562352941,0.1690196078,0.8990196078,0.7517647059,,0.4647265,0.0153319,NSGA_TANDEM/gen001/03_OPT/00/NSGA1_000/DES_00782,,1,03_OPT/00/NSGA1_000/DES_00782,
0.6,0.4833333333,0.5788235294,0.4611764706,0.557254902,0.5647058824,0.1413333333,-2.0,0.5364705882,0.5262745098,0.9252941176,0.3803921569,0.6784313725,0.6588235294,0.5769411765,0.1509803922,0.8794117647,0.7909803922,,0.8492722,0.9392716,NSGA_TANDEM/gen001/03_OPT/00/NSGA1_000/DES_00783,,1,03_OPT/00/NSGA1_000/DES_00783,
0.5533333333,0.31,0.4470588235,0.4611764706,0.417254902,0.5458823529,0.08933333333,-0.5176470588,0.48,0.4525490196,0.9382352941,0.3749019608,0.622745098,0.5098039216,0.6447058824,0.1737254902,0.8931372549,0.7870588235,,-0.41006,-1.021626,NSGA_TANDEM/gen001/03_OPT/00/NSGA1_000/DES_00784,,1,03_OPT/00/NSGA1_000/DES_00784,
0.2533333333,0.7366666667,0.5176470588,0.542745098,0.6560784314,0.4588235294,0.1102352941,-2.164705882,0.4768627451,0.551372549,0.9,0.3419607843,0.6188235294,0.9490196078,0.6178823529,0.1360784314,0.8901960784,0.7917647059,,0.3763759,0.429124,NSGA_TANDEM/gen001/03_OPT/00/NSGA1_000/DES_00786,,1,03_OPT/00/NSGA1_000/DES_00786,
0.5333333333,0.3266666667,0.5694117647,0.4674509804,0.4639215686,0.5576470588,0.09749019608,6.894117647,0.3764705882,0.4541176471,0.9041176471,0.3898039216,0.6447058824,1.388235294,0.6672941176,0.16,0.9343137255,0.811372549,,-0.7974271,-0.5975987,NSGA_TANDEM/gen001/03_OPT/00/NSGA1_000/DES_00788,,1,03_OPT/00/NSGA1_000/DES_00788,
0.2766666667,0.1533333333,0.3670588235,0.4423529412,0.4447058824,0.4447058824,0.09239215686,-0.6823529412,0.2039215686,0.5560784314,0.9882352941,0.3764705882,0.6188235294,0.5333333333,0.5190588235,0.1650980392,0.937254902,0.7776470588,,-0.551179,-0.9901482,NSGA_TANDEM/gen001/03_OPT/00/NSGA1_000/DES_00790,,1,03_OPT/00/NSGA1_000/DES_00790,
0.41,0.47,0.5223529412,0.5019607843,0.3239215686,0.3952941176,0.07505882353,-10.72941176,0.4266666667,0.4101960784,0.9476470588,0.3419607843,0.6188235294,1.505882353,0.5345882353,0.1721568627,0.9333333333,0.8019607843,,-0.8371663,-1.152671,NSGA_TANDEM/gen001/03_OPT/00/NSGA1_000/DES_00791,,1,03_OPT/00/NSGA1_000/DES_00791,
0.2966666667,0.48,0.5294117647,0.4831372549,0.2964705882,0.4447058824,0.1224705882,-0.6823529412,0.3639215686,0.3992156863,0.9488235294,0.3317647059,0.6125490196,1.262745098,0.5472941176,0.14,0.9450980392,0.7666666667,,-0.0845066,-0.2233406,NSGA_TANDEM/gen001/03_OPT/00/NSGA1_000/DES_00792,,1,03_OPT/00/NSGA1_000/DES_00792,
0.1933333333,0.54,0.5411764706,0.4501960784,0.4447058824,0.3058823529,0.1178823529,5.905882353,0.3419607843,0.5419607843,0.9876470588,0.2368627451,0.6870588235,0.6666666667,0.4569411765,0.1623529412,0.9333333333,0.7666666667,,0.3006219,-0.1322106,NSGA_TANDEM/gen001/03_OPT/00/NSGA1_000/DES_00793,,1,03_OPT/00/NSGA1_000/DES_00793,
0.3866666667,0.5533333333,0.4658823529,0.4078431373,0.2854901961,0.3341176471,0.1066666667,-7.435294118,0.5584313725,0.502745098,0.9629411765,0.3317647059,0.6266666667,1.858823529,0.5515294118,0.1568627451,0.9254901961,0.74,,0.1426857,-0.129625,NSGA_TANDEM/gen001/03_OPT/00/NSGA1_000/DES_00794,,1,03_OPT/00/NSGA1_000/DES_00794,
0.53,0.3366666667,0.4870588235,0.4,0.5133333333,0.4447058824,0.1081960784,6.4,0.5270588235,0.4666666667,0.9535294118,0.3780392157,0.7145098039,1.098039216,0.5261176471,0.177254902,0.937254902,0.82,,-0.5143035,-0.160219,NSGA_TANDEM/gen001/03_OPT/00/NSGA1_000/DES_00795,,1,03_OPT/00/NSGA1_000/DES_00795,
0.54,0.3666666667,0.5670588235,0.4705882353,0.4337254902,0.4635294118,0.1336862745,7.552941176,0.5803921569,0.4698039216,0.9235294118,0.28,0.6337254902,1.192156863,0.56,0.1207843137,0.8941176471,0.7078431373,,0.01786786,-0.3146767,NSGA_TANDEM/gen001/03_OPT/00/NSGA1_000/DES_00796,,1,03_OPT/00/NSGA1_000/DES_00796,
0.31,0.21,0.4517647059,0.511372549,0.6450980392,0.5341176471,0.1398039216,-1.011764706,0.48,0.422745098,0.9082352941,0.288627451,0.7035294118,1.207843137,0.5247058824,0.1466666667,0.9333333333,0.7839215686,,0.1334369,0.3463276,NSGA_TANDEM/gen001/03_OPT/00/NSGA1_000/DES_00797,,1,03_OPT/00/NSGA1_000/DES_00797,
0.35,0.19,0.2494117647,0.4329411765,0.6725490196,0.5058823529,0.1234901961,-3.811764706,0.1192156863,0.5670588235,0.9570588235,0.2815686275,0.6023529412,1.176470588,0.6108235294,0.1933333333,0.8431372549,0.7588235294,,0.5590094,0.6891948,NSGA_TANDEM/gen001/03_OPT/00/NSGA1_000/DES_00798,,1,03_OPT/00/NSGA1_000/DES_00798,
0.31,0.2666666667,0.4141176471,0.4501960784,0.3898039216,0.3835294118,0.09188235294,-3.811764706,0.2070588235,0.5576470588,0.97,0.3411764706,0.617254902,0.337254902,0.4978823529,0.1607843137,0.937254902,0.7933333333,,-0.579861,-0.9173079,NSGA_TANDEM/gen001/03_OPT/00/NSGA1_000/DES_00799,,1,03_OPT/00/NSGA1_000/DES_00799,
0.3966666667,0.32,0.4235294118,0.511372549,0.5737254902,0.5694117647,0.1224705882,-4.141176471,0.4549019608,0.4949019608,0.8888235294,0.36,0.7168627451,0.9411764706,0.5176470588,0.1450980392,0.9088235294,0.8176470588,,-0.1909522,0.2677412,NSGA_TANDEM/gen001/03_OPT/00/NSGA1_000/DES_00801,,1,03_OPT/00/NSGA1_000/DES_00801,
0.3866666667,0.5666666667,0.4870588235,0.4721568627,0.4447058824,0.3458823529,0.1219607843,-4.964705882,0.3858823529,0.5168627451,0.9911764706,0.2933333333,0.6376470588,1.380392157,0.5289411765,0.1623529412,0.9431372549,0.7345098039,,0.6169381,0.2482916,NSGA_TANDEM/gen001/03_OPT/00/NSGA1_000/DES_00802,,1,03_OPT/00/NSGA1_000/DES_00802,
0.29,0.3733333333,0.5364705882,0.4345098039,0.4337254902,0.4305882353,0.1030980392,4.258823529,0.1631372549,0.5325490196,0.9947058824,0.3341176471,0.6196078431,0.3921568627,0.5981176471,0.1450980392,0.9166666667,0.7831372549,,-0.3296649,-0.7335144,NSGA_TANDEM/gen001/03_OPT/00/NSGA1_000/DES_00803,,1,03_OPT/00/NSGA1_000/DES_00803,
0.4533333333,0.2666666667,0.2847058824,0.417254902,0.4309803922,0.4870588235,0.1489803922,-7.6,0.2729411765,0.5780392157,0.9694117647,0.3301960784,0.6949019608,0.3607843137,0.5275294118,0.1443137255,0.9205882353,0.8098039216,,1.070069,1.08463,NSGA_TANDEM/gen001/03_OPT/00/NSGA1_000/DES_00804,,1,03_OPT/00/NSGA1_000/DES_00804,
0.5633333333,0.2866666667,0.5011764706,0.4674509804,0.4858823529,0.5858823529,0.1030980392,4.094117647,0.5019607843,0.3552941176,0.8664705882,0.377254902,0.6258823529,0.4078431373,0.7421176471,0.1215686275,0.9450980392,0.7980392157,,-0.5851086,-1.047696,NSGA_TANDEM/gen001/03_OPT/00/NSGA1_000/DES_00805,,1,03_OPT/00/NSGA1_000/DES_00805,
0.3266666667,0.57,0.4235294118,0.431372549,0.2882352941,0.4635294118,0.1285882353,11.83529412,0.6933333333,0.4070588235,0.8841176471,0.3278431373,0.6141176471,0.8392156863,0.7378823529,0.182745098,0.9284313725,0.7501960784,,0.3786082,-0.3519167,NSGA_TANDEM/gen001/03_OPT/00/NSGA1_000/DES_00806,,1,03_OPT/00/NSGA1_000/DES_00806,
0.37,0.2,0.5976470588,0.5396078431,0.2580392157,0.5929411765,0.08576470588,-0.5176470588,0.7811764706,0.5325490196,0.9047058824,0.3811764706,0.6282352941,1.270588235,0.6404705882,0.1611764706,0.8558823529,0.8137254902,,-0.6008554,-0.6310889,NSGA_TANDEM/gen001/03_OPT/00/NSGA1_000/DES_00807,,1,03_OPT/00/NSGA1_000/DES_00807,
0.2366666667,0.7233333333,0.4258823529,0.577254902,0.6368627451,0.5882352941,0.08423529412,-2.823529412,0.2635294118,0.5843137255,0.8558823529,0.3356862745,0.6337254902,0.9490196078,0.536,0.1376470588,0.9205882353,0.8490196078,,-1.009713,-0.5854128,NSGA_TANDEM/gen001/03_OPT/00/NSGA1_000/DES_00808,,1,03_OPT/00/NSGA1_000/DES_00808,
0.45,0.26,0.3717647059,0.4611764706,0.3898039216,0.4470588235,0.1209411765,6.894117647,0.2352941176,0.5403921569,0.9529411765,0.3254901961,0.6070588235,1.11372549,0.5614117647,0.1854901961,0.9039215686,0.7941176471,,0.4290202,0.4872101,NSGA_TANDEM/gen001/03_OPT/00/NSGA1_000/DES_00810,,1,03_OPT/00/NSGA1_000/DES_00810,
0.3766666667,0.54,0.3482352941,0.5819607843,0.3266666667,0.4141176471,0.08219607843,-2.988235294,0.6023529412,0.3066666667,0.9382352941,0.3301960784,0.6517647059,1.309803922,0.4654117647,0.1701960784,0.9362745098,0.8168627451,,-0.8461982,-1.193071,NSGA_TANDEM/gen001/03_OPT/00/NSGA1_000/DES_00811,,1,03_OPT/00/NSGA1_000/DES_00811,
0.4533333333,0.5433333333,0.4211764706,0.4329411765,0.557254902,0.4470588235,0.143372549,9.858823529,0.4015686275,0.582745098,0.9552941176,0.3498039216,0.6180392157,0.7607843137,0.5656470588,0.1662745098,0.9245098039,0.7321568627,,1.086743,1.171538,NSGA_TANDEM/gen001/03_OPT/00/NSGA1_000/DES_00812,,1,03_OPT/00/NSGA1_000/DES_00812,
0.32,0.4866666667,0.5341176471,0.4831372549,0.1564705882,0.3647058824,0.1265490196,1.788235294,0.1098039216,0.4776470588,0.9858823529,0.2141176471,0.6643137255,0.3529411765,0.4498823529,0.1658823529,0.9382352941,0.8019607843,,0.05068501,0.1612971,NSGA_TANDEM/gen001/03_OPT/00/NSGA1_000/DES_00813,,1,03_OPT/00/NSGA1_000/DES_00813,
0.4533333333,0.3566666667,0.3882352941,0.4862745098,0.4145098039,0.4211764706,0.1153333333,-3.152941176,0.2698039216,0.471372549,0.9764705882,0.3615686275,0.6329411765,0.9882352941,0.5642352941,0.1941176471,0.8970588235,0.7815686275,,0.372263,0.2270643,NSGA_TANDEM/gen001/03_OPT/00/NSGA1_000/DES_00816,,1,03_OPT/00/NSGA1_000/DES_00816,
0.2833333333,0.32,0.4211764706,0.4250980392,0.5874509804,0.3741176471,0.117372549,11.67058824,0.4047058824,0.5482352941,0.9535294118,0.3584313725,0.6384313725,1.011764706,0.5684705882,0.191372549,0.9254901961,0.8058823529,,0.4896936,0.7328571,NSGA_TANDEM/gen001/03_OPT/00/NSGA1_000/DES_00817,,1,03_OPT/00/NSGA1_000/DES_00817,
0.3566666667,0.43,0.4635294118,0.511372549,0.4749019608,0.5388235294,0.1245098039,1.952941176,0.4329411765,0.4745098039,0.9164705882,0.2949019608,0.7184313725,1.239215686,0.5614117647,0.1482352941,0.9490196078,0.8184313725,,-0.2352378,0.2098315,NSGA_TANDEM/gen001/03_OPT/00/NSGA1_000/DES_00818,,1,03_OPT/00/NSGA1_000/DES_00818,
0.54,0.59,0.5270588235,0.4596078431,0.5929411765,0.32,0.1158431373,10.51764706,0.7749019608,0.4619607843,0.9176470588,0.3074509804,0.6290196078,1.239215686,0.512,0.1454901961,0.8823529412,0.7384313725,,0.08851698,-0.2146164,NSGA_TANDEM/gen001/03_OPT/00/NSGA1_000/DES_00819,,1,03_OPT/00/NSGA1_000/DES_00819,
0.2133333333,0.4966666667,0.4564705882,0.4329411765,0.5215686275,0.4635294118,0.1071764706,-2.494117647,0.3639215686,0.4949019608,0.9211764706,0.3552941176,0.631372549,0.737254902,0.5190588235,0.1741176471,0.9176470588,0.7180392157,,-0.05790888,-0.6429641,NSGA_TANDEM/gen001/03_OPT/00/NSGA1_000/DES_00820,,1,03_OPT/00/NSGA1_000/DES_00820,
0.2333333333,0.46,0.3411764706,0.4643137255,0.6341176471,0.5482352941,0.1245098039,7.388235294,0.3639215686,0.5403921569,0.9329411765,0.3231372549,0.648627451,1.262745098,0.6263529412,0.1819607843,0.9196078431,0.7823529412,,0.3960348,0.5178185,NSGA_TANDEM/gen001/03_OPT/00/NSGA1_000/DES_00821,,1,03_OPT/00/NSGA1_000/DES_00821,
0.2533333333,0.6133333333,0.5694117647,0.5537254902,0.6121568627,0.5364705882,0.09188235294,-5.623529412,0.4235294118,0.5419607843,0.8747058824,0.3850980392,0.6054901961,0.9254901961,0.5854117647,0.1337254902,0.9166666667,0.8341176471,,-0.8149262,-0.2612069,NSGA_TANDEM/gen001/03_OPT/00/NSGA1_000/DES_00822,,1,03_OPT/00/NSGA1_000/DES_00822,
0.5966666667,0.26,0.5364705882,0.5474509804,0.6478431373,0.5082352941,0.08933333333,0.3058823529,0.6839215686,0.4054901961,0.8682352941,0.3662745098,0.6415686275,1.380392157,0.5628235294,0.1525490196,0.9009803922,0.8105882353,,-0.97509,-0.7644508,NSGA_TANDEM/gen001/03_OPT/00/NSGA1_000/DES_00823,,1,03_OPT/00/NSGA1_000/DES_00823,
0.44,0.33,0.3811764706,0.4643137255,0.4090196078,0.4635294118,0.08729411765,4.588235294,0.3450980392,0.4917647059,0.9564705882,0.3905882353,0.6196078431,0.8941176471,0.4710588235,0.1956862745,0.9450980392,0.7870588235,,-0.7835565,-0.9936848,NSGA_TANDEM/gen001/03_OPT/00/NSGA1_000/DES_00824,,1,03_OPT/00/NSGA1_000/DES_00824,
0.2533333333,0.4533333333,0.5176470588,0.5207843137,0.2662745098,0.4588235294,0.1265490196,-0.5176470588,0.3482352941,0.4352941176,0.9552941176,0.351372549,0.6164705882,1.278431373,0.56,0.1384313725,0.9460784314,0.7549019608,,0.08604083,-0.1301354,NSGA_TANDEM/gen001/03_OPT/00/NSGA1_000/DES_00825,,1,03_OPT/00/NSGA1_000/DES_00825,
0.3966666667,0.2633333333,0.4517647059,0.4784313725,0.3129411765,0.4047058824,0.08984313725,-1.505882353,0.2666666667,0.5592156863,0.9911764706,0.3090196078,0.6305882353,0.6666666667,0.5374117647,0.1525490196,0.912745098,0.7823529412,,-0.4790882,-0.9983879,NSGA_TANDEM/gen001/03_OPT/00/NSGA1_000/DES_00826,,1,03_OPT/00/NSGA1_000/DES_00826,
0.38,0.2033333333,0.4282352941,0.4047058824,0.09607843137,0.4329411765,0.1245098039,-14.84705882,0.2980392157,0.5341176471,0.9923529412,0.3654901961,0.6211764706,0.5490196078,0.4950588235,0.1949019608,0.8960784314,0.8121568627,,0.5323563,0.4174139,NSGA_TANDEM/gen001/03_OPT/00/NSGA1_000/DES_00827,,1,03_OPT/00/NSGA1_000/DES_00827,
0.3233333333,0.1766666667,0.3788235294,0.4078431373,0.4529411765,0.3929411765,0.1158431373,-1.505882353,0.1819607843,0.5184313725,0.9588235294,0.3607843137,0.6431372549,0.5019607843,0.5247058824,0.1784313725,0.9107843137,0.7658823529,,0.08112652,-0.3924527,NSGA_TANDEM/gen001/03_OPT/00/NSGA1_000/DES_00829,,1,03_OPT/00/NSGA1_000/DES_00829,
0.1566666667,0.52,0.3882352941,0.4909803922,0.417254902,0.4211764706,0.1005490196,-2.0,0.2384313725,0.5843137255,0.8952941176,0.3607843137,0.6760784314,0.9725490196,0.5063529412,0.1670588235,0.8892156863,0.8160784314,,0.209156,0.3879367,NSGA_TANDEM/gen001/03_OPT/00/NSGA1_000/DES_00830,,1,03_OPT/00/NSGA1_000/DES_00830,
0.51,0.29,0.4211764706,0.4721568627,0.4694117647,0.48,0.1387843137,1.458823529,0.7247058824,0.5341176471,0.9047058824,0.3043137255,0.6854901961,1.184313725,0.6644705882,0.1360784314,0.9284313725,0.7117647059,,0.2873027,0.1268457,NSGA_TANDEM/gen001/03_OPT/00/NSGA1_000/DES_00831,,1,03_OPT/00/NSGA1_000/DES_00831,
0.5033333333,0.45,0.52,0.448627451,0.3650980392,0.5694117647,0.1459215686,-10.23529412,0.07529411765,0.5231372549,0.9047058824,0.3552941176,0.6650980392,0.4705882353,0.4569411765,0.151372549,0.9254901961,0.7745098039,,0.4737353,0.3558684,NSGA_TANDEM/gen001/03_OPT/00/NSGA1_000/DES_00832,,1,03_OPT/00/NSGA1_000/DES_00832,
0.3933333333,0.1733333333,0.4988235294,0.4909803922,0.42,0.5411764706,0.1357254902,9.2,0.382745098,0.4854901961,0.9023529412,0.3137254902,0.7568627451,0.7058823529,0.5247058824,0.1380392157,0.9029411765,0.7839215686,,-0.02743719,-0.234354,NSGA_TANDEM/gen001/03_OPT/00/NSGA1_000/DES_00833,,1,03_OPT/00/NSGA1_000/DES_00833,
0.3666666667,0.57,0.32,0.4015686275,0.6917647059,0.5623529412,0.1092156863,-3.482352941,0.04078431373,0.4745098039,0.8905882353,0.3294117647,0.6015686275,1.168627451,0.6574117647,0.1152941176,0.9235294118,0.7901960784,,-0.4296059,-0.3212597,NSGA_TANDEM/gen001/03_OPT/00/NSGA1_000/DES_00834,,1,03_OPT/00/NSGA1_000/DES_00834,
0.56,0.4433333333,0.5458823529,0.4454901961,0.2854901961,0.4988235294,0.1474509804,8.870588235,0.5301960784,0.4760784314,0.8829411765,0.3247058824,0.6721568627,0.7921568627,0.6729411765,0.1674509804,0.9441176471,0.7862745098,,1.054855,1.084073,NSGA_TANDEM/gen001/03_OPT/00/NSGA1_000/DES_00835,,1,03_OPT/00/NSGA1_000/DES_00835,
0.5166666667,0.48,0.5976470588,0.4360784314,0.5270588235,0.4917647059,0.1357254902,7.388235294,0.6023529412,0.4760784314,0.8811764706,0.2941176471,0.6588235294,0.9098039216,0.5684705882,0.1156862745,0.9009803922,0.7321568627,,-0.05005275,-0.1712262,NSGA_TANDEM/gen001/03_OPT/00/NSGA1_000/DES_00836,,1,03_OPT/00/NSGA1_000/DES_00836,
0.5966666667,0.3466666667,0.4611764706,0.6917647059,0.4858823529,0.4564705882,0.08678431373,-7.6,0.7090196078,0.4211764706,0.8758823529,0.3537254902,0.6674509804,1.02745098,0.5896470588,0.1564705882,0.9470588235,0.748627451,,-0.5312704,-0.9582901,NSGA_TANDEM/gen001/03_OPT/00/NSGA1_000/DES_00837,,1,03_OPT/00/NSGA1_000/DES_00837,
0.1733333333,0.5366666667,0.5929411765,0.5160784314,0.3184313725,0.4423529412,0.098,-2.164705882,0.2039215686,0.537254902,0.9794117647,0.2588235294,0.6580392157,0.8235294118,0.4767058824,0.1647058824,0.9,0.8003921569,,-0.1655034,-0.2987526,NSGA_TANDEM/gen001/03_OPT/00/NSGA1_000/DES_00838,,1,03_OPT/00/NSGA1_000/DES_00838,
0.2966666667,0.2933333333,0.4588235294,0.5192156863,0.348627451,0.5411764706,0.1387843137,-0.3529411765,0.4298039216,0.422745098,0.9188235294,0.2909803922,0.7388235294,1.309803922,0.5148235294,0.122745098,0.9470588235,0.8176470588,,-0.09382232,0.403723,NSGA_TANDEM/gen001/03_OPT/00/NSGA1_000/DES_00839,,1,03_OPT/00/NSGA1_000/DES_00839,
0.5433333333,0.37,0.5247058824,0.4611764706,0.6780392157,0.5152941176,0.1316470588,5.247058824,0.5050980392,0.2894117647,0.9547058824,0.2705882353,0.6015686275,1.02745098,0.6743529412,0.117254902,0.9392156863,0.8121568627,,-0.4692331,-0.1306666,NSGA_TANDEM/gen001/03_OPT/00/NSGA1_000/DES_00840,,1,03_OPT/00/NSGA1_000/DES_00840,
0.4166666667,0.3066666667,0.5011764706,0.5835294118,0.6011764706,0.5317647059,0.1290980392,9.035294118,0.3670588235,0.5184313725,0.8776470588,0.3356862745,0.7254901961,0.9803921569,0.5148235294,0.1533333333,0.9137254902,0.8443137255,,0.184713,0.8496824,NSGA_TANDEM/gen001/03_OPT/00/NSGA1_000/DES_00841,,1,03_OPT/00/NSGA1_000/DES_00841,
0.3433333333,0.2233333333,0.36,0.5035294118,0.6423529412,0.5952941176,0.1464313725,5.905882353,0.2478431373,0.5701960784,0.8870588235,0.3450980392,0.711372549,1.223529412,0.5105882353,0.1341176471,0.9352941176,0.8035294118,,0.5290162,1.224257,NSGA_TANDEM/gen001/03_OPT/00/NSGA1_000/DES_00842,,1,03_OPT/00/NSGA1_000/DES_00842,
0.27,0.2933333333,0.4376470588,0.4282352941,0.488627451,0.4752941176,0.117372549,0.6352941176,0.2760784314,0.5858823529,0.9617647059,0.2635294118,0.6015686275,1.333333333,0.6207058824,0.1717647059,0.8980392157,0.748627451,,0.2400319,0.04840218,NSGA_TANDEM/gen001/03_OPT/00/NSGA1_000/DES_00843,,1,03_OPT/00/NSGA1_000/DES_00843,
0.41,0.4933333333,0.4258823529,0.448627451,0.4721568627,0.3482352941,0.1224705882,7.552941176,0.351372549,0.3301960784,0.93,0.342745098,0.6211764706,1.529411765,0.5458823529,0.1862745098,0.9441176471,0.7047058824,,0.2544026,-0.3284973,NSGA_TANDEM/gen001/03_OPT/00/NSGA1_000/DES_00844,,1,03_OPT/00/NSGA1_000/DES_00844,
0.1533333333,0.24,0.5035294118,0.5035294118,0.08509803922,0.5294117647,0.1357254902,-1.670588235,0.6682352941,0.3835294118,0.8641176471,0.3419607843,0.6674509804,0.6901960784,0.5374117647,0.1525490196,0.9294117647,0.7580392157,,-0.03637416,-0.6109407,NSGA_TANDEM/gen001/03_OPT/00/NSGA1_000/DES_00845,,1,03_OPT/00/NSGA1_000/DES_00845,
0.6066666667,0.4466666667,0.4847058824,0.5270588235,0.6203921569,0.4823529412,0.117372549,0.3058823529,0.5898039216,0.4682352941,0.9123529412,0.3678431373,0.6376470588,0.831372549,0.5727058824,0.16,0.9362745098,0.7580392157,,-0.1895493,-0.4118924,NSGA_TANDEM/gen001/03_OPT/00/NSGA1_000/DES_00846,,1,03_OPT/00/NSGA1_000/DES_00846,
0.2466666667,0.4166666667,0.4235294118,0.5019607843,0.282745098,0.3294117647,0.1056470588,3.270588235,0.2980392157,0.4196078431,0.9547058824,0.2980392157,0.6580392157,1.678431373,0.6009411765,0.1674509804,0.9156862745,0.7415686275,,0.08376503,-0.3731569,NSGA_TANDEM/gen001/03_OPT/00/NSGA1_000/DES_00847,,1,03_OPT/00/NSGA1_000/DES_00847,
0.59,0.3033333333,0.4894117647,0.4721568627,0.5654901961,0.3905882353,0.1015686275,8.870588235,0.7466666667,0.4070588235,0.8711764706,0.3607843137,0.6164705882,1.301960784,0.5938823529,0.171372549,0.8941176471,0.8215686275,,-0.4679378,-0.1774712,NSGA_TANDEM/gen001/03_OPT/00/NSGA1_000/DES_00848,,1,03_OPT/00/NSGA1_000/DES_00848,
0.4033333333,0.3933333333,0.3058823529,0.4219607843,0.4501960784,0.5011764706,0.1092156863,-0.8470588235,0.3890196078,0.5482352941,0.9058823529,0.3333333333,0.6039215686,1.537254902,0.5331764706,0.1584313725,0.9117647059,0.7635294118,,-0.2076794,-0.2467069,NSGA_TANDEM/gen001/03_OPT/00/NSGA1_000/DES_00849,,1,03_OPT/00/NSGA1_000/DES_00849,
0.2533333333,0.4466666667,0.5388235294,0.4517647059,0.4858823529,0.2729411765,0.1158431373,7.552941176,0.3325490196,0.4964705882,0.9976470588,0.2337254902,0.7082352941,0.4078431373,0.5134117647,0.1694117647,0.9196078431,0.7870588235,,0.259828,-0.2124537,NSGA_TANDEM/gen001/03_OPT/00/NSGA1_000/DES_00850,,1,03_OPT/00/NSGA1_000/DES_00850,
0.3066666667,0.3633333333,0.4611764706,0.497254902,0.4831372549,0.4941176471,0.098,-6.941176471,0.04705882353,0.4745098039,0.9241176471,0.2901960784,0.6564705882,0.9568627451,0.4428235294,0.1419607843,0.9009803922,0.7870588235,,-0.5709834,-0.7813562,NSGA_TANDEM/gen001/03_OPT/00/NSGA1_000/DES_00851,,1,03_OPT/00/NSGA1_000/DES_00851,
0.39,0.26,0.4682352941,0.4580392157,0.4996078431,0.44,0.1290980392,1.129411765,0.4862745098,0.5984313725,0.9629411765,0.3341176471,0.6156862745,1.082352941,0.5063529412,0.1960784314,0.9294117647,0.8121568627,,1.134471,1.580511,NSGA_TANDEM/gen001/03_OPT/00/NSGA1_000/DES_00852,,1,03_OPT/00/NSGA1_000/DES_00852,
0.6933333333,0.7233333333,0.5647058824,0.4878431373,0.5709803922,0.52,0.1183921569,-10.56470588,0.4454901961,0.2517647059,0.8958823529,0.3576470588,0.6454901961,0.7529411765,0.7407058824,0.1392156863,0.9196078431,0.8176470588,,-0.2639683,-0.2150584,NSGA_TANDEM/gen001/03_OPT/00/NSGA1_000/DES_00853,,1,03_OPT/00/NSGA1_000/DES_00853,
0.1866666667,0.37,0.5411764706,0.4360784314,0.2525490196,0.4164705882,0.104627451,7.223529412,0.4015686275,0.5466666667,0.9223529412,0.2603921569,0.6525490196,0.6588235294,0.4654117647,0.1454901961,0.9303921569,0.7807843137,,-0.4343239,-0.8587748,NSGA_TANDEM/gen001/03_OPT/00/NSGA1_000/DES_00854,,1,03_OPT/00/NSGA1_000/DES_00854,
0.5133333333,0.2933333333,0.4305882353,0.5050980392,0.2909803922,0.4258823529,0.0862745098,-6.611764706,0.3764705882,0.4541176471,0.9641176471,0.3356862745,0.6415686275,1.843137255,0.536,0.1443137255,0.9284313725,0.7690196078,,-0.7349156,-0.9055366,NSGA_TANDEM/gen001/03_OPT/00/NSGA1_000/DES_00856,,1,03_OPT/00/NSGA1_000/DES_00856,
0.5,0.5266666667,0.4070588235,0.5396078431,0.6890196078,0.4941176471,0.08525490196,1.458823529,0.6054901961,0.4870588235,0.8929411765,0.3411764706,0.6658823529,0.2431372549,0.5416470588,0.1439215686,0.931372549,0.7894117647,,-0.6308904,-1.03346,NSGA_TANDEM/gen001/03_OPT/00/NSGA1_000/DES_00857,,1,03_OPT/00/NSGA1_000/DES_00857,
0.56,0.3833333333,0.4,0.4658823529,0.5270588235,0.3929411765,0.1168627451,5.905882353,0.3796078431,0.4698039216,0.9488235294,0.3662745098,0.6054901961,0.7921568627,0.5275294118,0.18,0.8794117647,0.7517647059,,0.2317867,-0.0523712,NSGA_TANDEM/gen001/03_OPT/00/NSGA1_000/DES_00858,,1,03_OPT/00/NSGA1_000/DES_00858,
0.4066666667,0.2933333333,0.5011764706,0.6164705882,0.4776470588,0.5011764706,0.1494901961,0.3058823529,0.4329411765,0.4807843137,0.9270588235,0.3576470588,0.7458823529,1.050980392,0.5049411765,0.1470588235,0.9490196078,0.8145098039,,1.094277,1.680933,NSGA_TANDEM/gen001/03_OPT/00/NSGA1_000/DES_00859,,1,03_OPT/00/NSGA1_000/DES_00859,
0.2166666667,0.17,0.3294117647,0.4235294118,0.4007843137,0.5364705882,0.1056470588,3.764705882,0.2070588235,0.5529411765,0.9864705882,0.3584313725,0.6360784314,0.07843137255,0.5049411765,0.151372549,0.9264705882,0.7509803922,,-0.2706724,-0.7851238,NSGA_TANDEM/gen001/03_OPT/00/NSGA1_000/DES_00860,,1,03_OPT/00/NSGA1_000/DES_00860,
0.27,0.5766666667,0.4611764706,0.4643137255,0.4968627451,0.5364705882,0.1183921569,2.941176471,0.7874509804,0.4462745098,0.8764705882,0.2988235294,0.6258823529,1.356862745,0.584,0.1329411765,0.9490196078,0.7690196078,,-0.4627315,-0.4825663,NSGA_TANDEM/gen001/03_OPT/00/NSGA1_000/DES_00861,,1,03_OPT/00/NSGA1_000/DES_00861,
0.2866666667,0.3466666667,0.5741176471,0.4345098039,0.4776470588,0.4376470588,0.08933333333,4.752941176,0.2980392157,0.5701960784,0.9347058824,0.3411764706,0.6996078431,0.4156862745,0.4752941176,0.1650980392,0.9098039216,0.7949019608,,-0.5591408,-0.9278151,NSGA_TANDEM/gen001/03_OPT/00/NSGA1_000/DES_00862,,1,03_OPT/00/NSGA1_000/DES_00862,
0.2533333333,0.4066666667,0.1905882353,0.4611764706,0.5160784314,0.4117647059,0.09647058824,1.294117647,0.2760784314,0.582745098,0.9788235294,0.24,0.6078431373,1.356862745,0.6687058824,0.1607843137,0.9245098039,0.7682352941,,-0.2625579,-0.4984005,NSGA_TANDEM/gen001/03_OPT/00/NSGA1_000/DES_00863,,1,03_OPT/00/NSGA1_000/DES_00863,
0.6866666667,0.5333333333,0.5952941176,0.4737254902,0.6588235294,0.36,0.1285882353,5.741176471,0.7654901961,0.5858823529,0.8952941176,0.3176470588,0.6415686275,1.011764706,0.6263529412,0.1137254902,0.8921568627,0.7407843137,,0.5553438,0.7069423,NSGA_TANDEM/gen001/03_OPT/00/NSGA1_000/DES_00867,,1,03_OPT/00/NSGA1_000/DES_00867,
0.6533333333,0.2933333333,0.44,0.4643137255,0.2580392157,0.5223529412,0.1301176471,3.764705882,0.2666666667,0.5184313725,0.8835294118,0.3529411765,0.6447058824,1.694117647,0.6785882353,0.1439215686,0.9382352941,0.7956862745,,0.4529295,0.7671105,NSGA_TANDEM/gen001/03_OPT/00/NSGA1_000/DES_00868,,1,03_OPT/00/NSGA1_000/DES_00868,
0.3533333333,0.2733333333,0.1976470588,0.4298039216,0.6011764706,0.4047058824,0.1036078431,-0.02352941176,0.3105882353,0.5435294118,0.8941176471,0.3521568627,0.6203921569,0.8941176471,0.6574117647,0.1709803922,0.9392156863,0.7282352941,,-0.1221596,-0.7199416,NSGA_TANDEM/gen001/03_OPT/00/NSGA1_000/DES_00870,,1,03_OPT/00/NSGA1_000/DES_00870,
0.37,0.1933333333,0.3411764706,0.5301960784,0.5462745098,0.4211764706,0.07658823529,-3.976470588,0.2666666667,0.5325490196,0.9982352941,0.3725490196,0.6470588235,0.737254902,0.5472941176,0.1749019608,0.9254901961,0.8050980392,,-0.8107313,-0.9745932,NSGA_TANDEM/gen001/03_OPT/00/NSGA1_000/DES_00871,,1,03_OPT/00/NSGA1_000/DES_00871,
0.5133333333,0.3,0.5152941176,0.5960784314,0.6149019608,0.5576470588,0.1423529412,8.705882353,0.3011764706,0.5231372549,0.8735294118,0.2996078431,0.7294117647,1.262745098,0.5134117647,0.137254902,0.8931372549,0.837254902,,1.036536,1.683245,NSGA_TANDEM/gen001/03_OPT/00/NSGA1_000/DES_00875,,1,03_OPT/00/NSGA1_000/DES_00875,
0.4166666667,0.4733333333,0.4870588235,0.5207843137,0.04941176471,0.5929411765,0.1428627451,7.552941176,0.6337254902,0.4023529412,0.8605882353,0.3364705882,0.6345098039,1.11372549,0.5416470588,0.131372549,0.912745098,0.7603921569,,-0.05312497,-0.2954922,NSGA_TANDEM/gen001/03_OPT/00/NSGA1_000/DES_00876,,1,03_OPT/00/NSGA1_000/DES_00876,
0.4166666667,0.41,0.4141176471,0.4141176471,0.5462745098,0.4988235294,0.104627451,3.6,0.4956862745,0.5654901961,0.8941176471,0.3239215686,0.6109803922,0.7921568627,0.5727058824,0.1603921569,0.887254902,0.7549019608,,-0.2117765,-0.7613978,NSGA_TANDEM/gen001/03_OPT/00/NSGA1_000/DES_00877,,1,03_OPT/00/NSGA1_000/DES_00877,
0.59,0.3266666667,0.48,0.48,0.4419607843,0.5764705882,0.1469411765,4.423529412,0.3984313725,0.5294117647,0.8941176471,0.3568627451,0.6784313725,0.8156862745,0.6009411765,0.151372549,0.912745098,0.7478431373,,0.4904661,0.6192294,NSGA_TANDEM/gen001/03_OPT/00/NSGA1_000/DES_00878,,1,03_OPT/00/NSGA1_000/DES_00878,
0.3933333333,0.6633333333,0.3741176471,0.4047058824,0.3705882353,0.4729411765,0.1321568627,10.84705882,0.5803921569,0.3992156863,0.8835294118,0.3411764706,0.6007843137,0.8862745098,0.6785882353,0.1592156863,0.8970588235,0.757254902,,0.2917005,-0.2042205,NSGA_TANDEM/gen001/03_OPT/00/NSGA1_000/DES_00880,,1,03_OPT/00/NSGA1_000/DES_00880,
0.2033333333,0.4566666667,0.3105882353,0.4784313725,0.3101960784,0.5647058824,0.1143137255,5.741176471,0.1694117647,0.5576470588,0.9694117647,0.3482352941,0.6164705882,0.6745098039,0.5134117647,0.1431372549,0.8960784314,0.7862745098,,-0.2416574,-0.4706395,NSGA_TANDEM/gen001/03_OPT/00/NSGA1_000/DES_00881,,1,03_OPT/00/NSGA1_000/DES_00881,
0.29,0.7566666667,0.5247058824,0.542745098,0.4447058824,0.4682352941,0.09392156863,0.4705882353,0.351372549,0.5121568627,0.8905882353,0.3160784314,0.6384313725,1.294117647,0.6743529412,0.1317647059,0.937254902,0.8278431373,,-0.604709,-0.2871264,NSGA_TANDEM/gen001/03_OPT/00/NSGA1_000/DES_00884,,1,03_OPT/00/NSGA1_000/DES_00884,
0.4133333333,0.48,0.32,0.417254902,0.4145098039,0.3952941176,0.09341176471,-7.6,0.2635294118,0.5011764706,0.9635294118,0.2870588235,0.6549019608,0.5803921569,0.464,0.1501960784,0.9460784314,0.7603921569,,-0.467732,-0.9056755,NSGA_TANDEM/gen001/03_OPT/00/NSGA1_000/DES_00886,,1,03_OPT/00/NSGA1_000/DES_00886,
0.5433333333,0.2233333333,0.4682352941,0.4094117647,0.56,0.5364705882,0.117372549,5.905882353,0.608627451,0.488627451,0.8641176471,0.3717647059,0.6439215686,0.8470588235,0.6644705882,0.122745098,0.8941176471,0.8066666667,,-0.3525564,-0.2879606,NSGA_TANDEM/gen001/03_OPT/00/NSGA1_000/DES_00887,,1,03_OPT/00/NSGA1_000/DES_00887,
0.2966666667,0.4666666667,0.5905882353,0.4094117647,0.4611764706,0.4611764706,0.07556862745,3.929411765,0.2666666667,0.5435294118,0.92,0.2752941176,0.6423529412,0.7764705882,0.4682352941,0.1588235294,0.9274509804,0.7870588235,,-0.7067686,-1.074239,NSGA_TANDEM/gen001/03_OPT/00/NSGA1_000/DES_00888,,1,03_OPT/00/NSGA1_000/DES_00888,
0.2366666667,0.47,0.3176470588,0.4705882353,0.3294117647,0.4211764706,0.09035294118,4.258823529,0.222745098,0.5717647059,0.9311764706,0.3278431373,0.6423529412,0.7058823529,0.5303529412,0.1596078431,0.8441176471,0.8098039216,,-0.2111322,-0.5056924,NSGA_TANDEM/gen001/03_OPT/00/NSGA1_000/DES_00889,,1,03_OPT/00/NSGA1_000/DES_00889,
0.4466666667,0.5533333333,0.5058823529,0.5223529412,0.2552941176,0.4188235294,0.07352941176,-14.18823529,0.5145098039,0.4901960784,0.9641176471,0.3521568627,0.6219607843,1.874509804,0.5289411765,0.1541176471,0.9450980392,0.8011764706,,-1.026243,-1.099881,NSGA_TANDEM/gen001/03_OPT/00/NSGA1_000/DES_00891,,1,03_OPT/00/NSGA1_000/DES_00891,
0.42,0.18,0.4894117647,0.5537254902,0.56,0.5623529412,0.1357254902,-2.0,0.542745098,0.4258823529,0.9105882353,0.3843137255,0.6925490196,0.8784313725,0.5727058824,0.1619607843,0.931372549,0.7933333333,,0.04971659,0.2907541,NSGA_TANDEM/gen001/03_OPT/00/NSGA1_000/DES_00892,,1,03_OPT/00/NSGA1_000/DES_00892,
0.5233333333,0.2533333333,0.5247058824,0.431372549,0.6231372549,0.3835294118,0.1000392157,7.717647059,0.2823529412,0.2690196078,0.9176470588,0.3545098039,0.6407843137,0.9411764706,0.6305882353,0.1266666667,0.8980392157,0.8082352941,,-0.6266621,-0.8826411,NSGA_TANDEM/gen001/03_OPT/00/NSGA1_000/DES_00893,,1,03_OPT/00/NSGA1_000/DES_00893,
0.5666666667,0.37,0.4423529412,0.5239215686,0.4639215686,0.5364705882,0.1285882353,9.364705882,0.351372549,0.4368627451,0.9105882353,0.3105882353,0.6980392157,1.317647059,0.5938823529,0.1384313725,0.918627451,0.82,,-0.1063506,0.4261997,NSGA_TANDEM/gen001/03_OPT/00/NSGA1_000/DES_00894,,1,03_OPT/00/NSGA1_000/DES_00894,
0.2633333333,0.4966666667,0.3905882353,0.5317647059,0.4858823529,0.3858823529,0.1143137255,-5.294117647,0.4360784314,0.4698039216,0.9835294118,0.3129411765,0.6188235294,1.607843137,0.5416470588,0.1364705882,0.9362745098,0.7603921569,,0.05462394,0.09040157,NSGA_TANDEM/gen001/03_OPT/00/NSGA1_000/DES_00895,,1,03_OPT/00/NSGA1_000/DES_00895,
0.3433333333,0.5233333333,0.4235294118,0.4156862745,0.5188235294,0.4258823529,0.09901960784,-8.423529412,0.09411764706,0.4901960784,0.9276470588,0.2996078431,0.6368627451,0.7450980392,0.4767058824,0.1392156863,0.9058823529,0.8349019608,,-0.5448174,-0.2651911,NSGA_TANDEM/gen001/03_OPT/00/NSGA1_000/DES_00897,,1,03_OPT/00/NSGA1_000/DES_00897,
0.2533333333,0.4366666667,0.5035294118,0.417254902,0.5215686275,0.4447058824,0.1158431373,5.576470588,0.32,0.5968627451,0.9270588235,0.3050980392,0.6407843137,0.6823529412,0.4696470588,0.157254902,0.918627451,0.7831372549,,0.01618181,-0.06458489,NSGA_TANDEM/gen001/03_OPT/00/NSGA1_000/DES_00898,,1,03_OPT/00/NSGA1_000/DES_00898,
0.2966666667,0.4766666667,0.5905882353,0.4596078431,0.3733333333,0.5011764706,0.1189019608,3.929411765,0.3168627451,0.5654901961,0.9523529412,0.2737254902,0.64,0.6352941176,0.4908235294,0.1431372549,0.9431372549,0.8082352941,,-0.2854575,0.0276089,NSGA_TANDEM/gen001/03_OPT/00/NSGA1_000/DES_00899,,1,03_OPT/00/NSGA1_000/DES_00899,
0.3766666667,0.3433333333,0.3811764706,0.577254902,0.3952941176,0.44,0.1377647059,7.058823529,0.7403921569,0.5011764706,0.8629411765,0.2894117647,0.6078431373,1.050980392,0.6418823529,0.1321568627,0.9294117647,0.7854901961,,0.3913061,0.4682368,NSGA_TANDEM/gen001/03_OPT/00/NSGA1_000/DES_00901,,1,03_OPT/00/NSGA1_000/DES_00901,
0.3533333333,0.2533333333,0.4352941176,0.5050980392,0.6066666667,0.4941176471,0.1148235294,0.3058823529,0.4737254902,0.568627451,0.9258823529,0.3223529412,0.6549019608,1.325490196,0.5585882353,0.1890196078,0.9392156863,0.802745098,,-0.001634673,0.4427702,NSGA_TANDEM/gen001/03_OPT/00/NSGA1_000/DES_00902,,1,03_OPT/00/NSGA1_000/DES_00902,
0.5166666667,0.3133333333,0.52,0.4894117647,0.4007843137,0.5623529412,0.05619607843,11.67058824,0.417254902,0.4635294118,0.9276470588,0.3419607843,0.6674509804,1.254901961,0.6602352941,0.16,0.9039215686,0.8168627451,,-0.6587814,-1.216657,NSGA_TANDEM/gen001/03_OPT/00/NSGA1_000/DES_00903,,1,03_OPT/00/NSGA1_000/DES_00903,
0.5233333333,0.35,0.3882352941,0.5239215686,0.6945098039,0.4211764706,0.110745098,0.6352941176,0.7184313725,0.5717647059,0.8858823529,0.391372549,0.6635294118,0.9490196078,0.5769411765,0.1345098039,0.9352941176,0.7478431373,,-0.2061635,-0.3993375,NSGA_TANDEM/gen001/03_OPT/00/NSGA1_000/DES_00905,,1,03_OPT/00/NSGA1_000/DES_00905,
0.3266666667,0.59,0.5882352941,0.5176470588,0.1454901961,0.3270588235,0.1204313725,0.1411764706,0.1317647059,0.568627451,0.9676470588,0.2031372549,0.6462745098,0.1725490196,0.5091764706,0.1592156863,0.9470588235,0.8043137255,,-0.1764406,0.3758889,NSGA_TANDEM/gen001/03_OPT/00/NSGA1_000/DES_00906,,1,03_OPT/00/NSGA1_000/DES_00906,
0.45,0.3266666667,0.3764705882,0.5411764706,0.4392156863,0.5152941176,0.1204313725,6.564705882,0.3011764706,0.5921568627,0.8723529412,0.2988235294,0.7356862745,1.764705882,0.4767058824,0.1258823529,0.9411764706,0.7556862745,,-0.1876999,0.1605218,NSGA_TANDEM/gen001/03_OPT/00/NSGA1_000/DES_00907,,1,03_OPT/00/NSGA1_000/DES_00907,
0.2466666667,0.3566666667,0.5670588235,0.448627451,0.3074509804,0.5223529412,0.09035294118,4.094117647,0.3137254902,0.5011764706,0.94,0.2603921569,0.657254902,1.035294118,0.5077647059,0.1454901961,0.9343137255,0.7878431373,,-0.7160054,-1.041664,NSGA_TANDEM/gen001/03_OPT/00/NSGA1_000/DES_00910,,1,03_OPT/00/NSGA1_000/DES_00910,
0.2766666667,0.54,0.3694117647,0.4407843137,0.5188235294,0.48,0.1189019608,1.788235294,0.4454901961,0.5560784314,0.8929411765,0.3349019608,0.6541176471,1.207843137,0.5345882353,0.1592156863,0.9225490196,0.7760784314,,0.2652231,0.2741318,NSGA_TANDEM/gen001/03_OPT/00/NSGA1_000/DES_00911,,1,03_OPT/00/NSGA1_000/DES_00911,
0.2966666667,0.28,0.3788235294,0.4580392157,0.3294117647,0.4705882353,0.0862745098,-4.635294118,0.06588235294,0.4525490196,0.9270588235,0.3121568627,0.6643137255,0.9019607843,0.4583529412,0.151372549,0.8931372549,0.7784313725,,-0.5471567,-0.9977508,NSGA_TANDEM/gen001/03_OPT/00/NSGA1_000/DES_00912,,1,03_OPT/00/NSGA1_000/DES_00912,
0.4066666667,0.31,0.5623529412,0.4392156863,0.6231372549,0.52,0.09698039216,8.376470588,0.351372549,0.3709803922,0.9064705882,0.3796078431,0.6078431373,0.8705882353,0.6051764706,0.1392156863,0.8833333333,0.8356862745,,-0.7752714,-0.6950243,NSGA_TANDEM/gen001/03_OPT/00/NSGA1_000/DES_00913,,1,03_OPT/00/NSGA1_000/DES_00913,
0.5366666667,0.62,0.5317647059,0.4611764706,0.488627451,0.3270588235,0.1331764706,6.4,0.1819607843,0.4290196078,0.9852941176,0.2901960784,0.6462745098,0.8078431373,0.5035294118,0.137254902,0.8931372549,0.8207843137,,1.212991,1.28695,NSGA_TANDEM/gen001/03_OPT/00/NSGA1_000/DES_00914,,1,03_OPT/00/NSGA1_000/DES_00914,
0.4233333333,0.4466666667,0.5129411765,0.5615686275,0.07137254902,0.4588235294,0.1183921569,6.4,0.3890196078,0.44,0.8923529412,0.3098039216,0.6329411765,0.8078431373,0.5303529412,0.151372549,0.9431372549,0.7431372549,,-0.1438964,-0.751701,NSGA_TANDEM/gen001/03_OPT/00/NSGA1_000/DES_00915,,1,03_OPT/00/NSGA1_000/DES_00915,
0.6866666667,0.31,0.5552941176,0.4768627451,0.4611764706,0.4258823529,0.1117647059,11.01176471,0.5866666667,0.4792156863,0.9552941176,0.3521568627,0.7443137255,0.9490196078,0.4625882353,0.1643137255,0.9401960784,0.8145098039,,-0.518616,-0.2348405,NSGA_TANDEM/gen001/03_OPT/00/NSGA1_000/DES_00916,,1,03_OPT/00/NSGA1_000/DES_00916,
0.2766666667,0.8033333333,0.5341176471,0.4125490196,0.4474509804,0.5811764706,0.098,-6.776470588,0.3074509804,0.5905882353,0.9070588235,0.3937254902,0.6415686275,1.184313725,0.6842352941,0.1603921569,0.9382352941,0.7941176471,,-0.2499684,-0.03392668,NSGA_TANDEM/gen001/03_OPT/00/NSGA1_000/DES_00917,,1,03_OPT/00/NSGA1_000/DES_00917,
0.5533333333,0.63,0.5882352941,0.4109803922,0.3788235294,0.4188235294,0.1010588235,2.447058824,0.6149019608,0.4478431373,0.9082352941,0.3890196078,0.6760784314,0.7294117647,0.7181176471,0.1549019608,0.9215686275,0.8498039216,,-0.244709,-0.2422748,NSGA_TANDEM/gen001/03_OPT/00/NSGA1_000/DES_00918,,1,03_OPT/00/NSGA1_000/DES_00918,
0.5066666667,0.4666666667,0.4541176471,0.4768627451,0.5160784314,0.3129411765,0.1214509804,6.894117647,0.5458823529,0.5043137255,0.93,0.2964705882,0.6682352941,0.7607843137,0.5049411765,0.1450980392,0.8843137255,0.7698039216,,0.3079946,-0.02028859,NSGA_TANDEM/gen001/03_OPT/00/NSGA1_000/DES_00919,,1,03_OPT/00/NSGA1_000/DES_00919,
0.3333333333,0.2266666667,0.4211764706,0.4533333333,0.4858823529,0.3882352941,0.09290196078,5.247058824,0.2666666667,0.5592156863,0.9870588235,0.382745098,0.6250980392,0.02352941176,0.5218823529,0.1835294118,0.9480392157,0.7807843137,,-0.5837348,-0.8972006,NSGA_TANDEM/gen001/03_OPT/00/NSGA1_000/DES_00921,,1,03_OPT/00/NSGA1_000/DES_00921,
0.2633333333,0.2633333333,0.5647058824,0.5035294118,0.488627451,0.4305882353,0.1255294118,5.576470588,0.2980392157,0.4682352941,0.9917647059,0.368627451,0.631372549,0.6196078431,0.4611764706,0.1341176471,0.9147058824,0.8176470588,,-0.1024264,0.2740547,NSGA_TANDEM/gen001/03_OPT/00/NSGA1_000/DES_00922,,1,03_OPT/00/NSGA1_000/DES_00922,
0.1666666667,0.49,0.3858823529,0.4407843137,0.4090196078,0.2611764706,0.1071764706,7.058823529,0.2760784314,0.5498039216,0.9876470588,0.2509803922,0.6682352941,0.4392156863,0.4583529412,0.1917647059,0.9166666667,0.7745098039,,0.3342942,-0.3535916,NSGA_TANDEM/gen001/03_OPT/00/NSGA1_000/DES_00923,,1,03_OPT/00/NSGA1_000/DES_00923,
0.3633333333,0.76,0.4117647059,0.5301960784,0.6039215686,0.5247058824,0.111254902,0.3058823529,0.1819607843,0.4823529412,0.8823529412,0.3121568627,0.608627451,1.262745098,0.6672941176,0.1419607843,0.9470588235,0.8325490196,,-0.272564,0.2847847,NSGA_TANDEM/gen001/03_OPT/00/NSGA1_000/DES_00924,,1,03_OPT/00/NSGA1_000/DES_00924,
0.57,0.32,0.5670588235,0.448627451,0.3733333333,0.4611764706,0.1194117647,3.929411765,0.2384313725,0.5764705882,0.9929411765,0.2878431373,0.6658823529,0.4235294118,0.4978823529,0.1356862745,0.918627451,0.8333333333,,-0.1147332,0.1744698,NSGA_TANDEM/gen001/03_OPT/00/NSGA1_000/DES_00925,,1,03_OPT/00/NSGA1_000/DES_00925,
0.5,0.3466666667,0.3670588235,0.462745098,0.3321568627,0.4352941176,0.07556862745,5.576470588,0.3639215686,0.4729411765,0.9658823529,0.3521568627,0.6211764706,0.8862745098,0.4484705882,0.182745098,0.9264705882,0.7807843137,,-0.6301047,-1.030022,NSGA_TANDEM/gen001/03_OPT/00/NSGA1_000/DES_00926,,1,03_OPT/00/NSGA1_000/DES_00926,
0.4333333333,0.3366666667,0.1458823529,0.4329411765,0.3925490196,0.5388235294,0.1357254902,-7.105882353,0.1976470588,0.5811764706,0.9694117647,0.3333333333,0.6815686275,0.09411764706,0.5275294118,0.1615686275,0.9490196078,0.8058823529,,0.2839261,0.3431701,NSGA_TANDEM/gen001/03_OPT/00/NSGA1_000/DES_00927,,1,03_OPT/00/NSGA1_000/DES_00927,
0.41,0.51,0.5529411765,0.4611764706,0.422745098,0.5388235294,0.09647058824,5.905882353,0.4203921569,0.4101960784,0.9011764706,0.3929411765,0.6282352941,0.6588235294,0.6715294118,0.1419607843,0.9107843137,0.8333333333,,-0.7320125,-0.7527335,NSGA_TANDEM/gen001/03_OPT/00/NSGA1_000/DES_00928,,1,03_OPT/00/NSGA1_000/DES_00928,
0.3433333333,0.6133333333,0.4588235294,0.4298039216,0.6149019608,0.5341176471,0.1326666667,9.035294118,0.3858823529,0.5262745098,0.9317647059,0.3333333333,0.6462745098,0.768627451,0.5176470588,0.168627451,0.912745098,0.7650980392,,0.4304624,0.3032659,NSGA_TANDEM/gen001/03_OPT/00/NSGA1_000/DES_00929,,1,03_OPT/00/NSGA1_000/DES_00929,
0.5666666667,0.34,0.48,0.5207843137,0.3074509804,0.5270588235,0.09596078431,8.211764706,0.5145098039,0.4917647059,0.8911764706,0.3639215686,0.6203921569,0.8156862745,0.704,0.1494117647,0.9039215686,0.802745098,,-0.5209506,-0.8403186,NSGA_TANDEM/gen001/03_OPT/00/NSGA1_000/DES_00930,,1,03_OPT/00/NSGA1_000/DES_00930,
0.42,0.7333333333,0.3976470588,0.4815686275,0.6917647059,0.5905882353,0.09901960784,3.105882353,0.3952941176,0.568627451,0.8823529412,0.3631372549,0.6368627451,1.215686275,0.5190588235,0.1031372549,0.8960784314,0.8380392157,,-0.8321594,-0.01756432,NSGA_TANDEM/gen001/03_OPT/00/NSGA1_000/DES_00931,,1,03_OPT/00/NSGA1_000/DES_00931,
0.5166666667,0.2366666667,0.4564705882,0.5474509804,0.628627451,0.5482352941,0.1265490196,11.83529412,0.288627451,0.5278431373,0.9029411765,0.2611764706,0.7050980392,1.082352941,0.4625882353,0.1403921569,0.9156862745,0.7949019608,,-0.3622922,0.03552012,NSGA_TANDEM/gen001/03_OPT/00/NSGA1_000/DES_00932,,1,03_OPT/00/NSGA1_000/DES_00932,
0.6833333333,0.4533333333,0.3647058824,0.5066666667,0.5956862745,0.4658823529,0.07607843137,9.858823529,0.7435294118,0.5011764706,0.8711764706,0.3662745098,0.648627451,1.090196078,0.5712941176,0.1494117647,0.9411764706,0.7815686275,,-0.8108773,-1.118883,NSGA_TANDEM/gen001/03_OPT/00/NSGA1_000/DES_00933,,1,03_OPT/00/NSGA1_000/DES_00933,
0.4333333333,0.3633333333,0.5505882353,0.4564705882,0.2141176471,0.4847058824,0.1449019608,2.447058824,0.6211764706,0.4839215686,0.8917647059,0.3419607843,0.622745098,0.5647058824,0.6898823529,0.1607843137,0.9254901961,0.757254902,,0.8029136,0.5012065,NSGA_TANDEM/gen001/03_OPT/00/NSGA1_000/DES_00934,,1,03_OPT/00/NSGA1_000/DES_00934,
0.45,0.4366666667,0.4352941176,0.5254901961,0.1784313725,0.3552941176,0.07505882353,-7.929411765,0.4580392157,0.3207843137,0.9564705882,0.2933333333,0.6329411765,1.450980392,0.4809411765,0.1725490196,0.9254901961,0.811372549,,-0.6674665,-1.080704,NSGA_TANDEM/gen001/03_OPT/00/NSGA1_000/DES_00936,,1,03_OPT/00/NSGA1_000/DES_00936,
0.5033333333,0.3,0.5717647059,0.4517647059,0.1482352941,0.5482352941,0.1408235294,8.211764706,0.6305882353,0.457254902,0.8723529412,0.2768627451,0.6337254902,0.2039215686,0.6475294118,0.1654901961,0.9196078431,0.7643137255,,0.1423185,-0.4304213,NSGA_TANDEM/gen001/03_OPT/00/NSGA1_000/DES_00937,,1,03_OPT/00/NSGA1_000/DES_00937,
0.4833333333,0.22,0.3529411765,0.5098039216,0.5298039216,0.5952941176,0.08321568627,2.611764706,0.2854901961,0.4854901961,0.9570588235,0.382745098,0.6478431373,0.6901960784,0.4498823529,0.1745098039,0.9362745098,0.7690196078,,-0.6409385,-1.011717,NSGA_TANDEM/gen001/03_OPT/00/NSGA1_000/DES_00938,,1,03_OPT/00/NSGA1_000/DES_00938,
0.5566666667,0.1866666667,0.5764705882,0.4752941176,0.3705882353,0.5011764706,0.1255294118,6.564705882,0.3482352941,0.537254902,0.89,0.2666666667,0.7443137255,0.9098039216,0.5402352941,0.1349019608,0.8980392157,0.7878431373,,-0.02469922,-0.1235566,NSGA_TANDEM/gen001/03_OPT/00/NSGA1_000/DES_00939,,1,03_OPT/00/NSGA1_000/DES_00939,
0.18,0.1666666667,0.5670588235,0.511372549,0.6066666667,0.5082352941,0.08117647059,7.552941176,0.5552941176,0.5592156863,0.9441176471,0.3874509804,0.6392156863,0.6823529412,0.56,0.1584313725,0.9058823529,0.828627451,,-0.9412012,-0.8716326,NSGA_TANDEM/gen001/03_OPT/00/NSGA1_000/DES_00940,,1,03_OPT/00/NSGA1_000/DES_00940,
0.16,0.2533333333,0.3011764706,0.4219607843,0.4996078431,0.4470588235,0.08015686275,-0.6823529412,0.3419607843,0.5278431373,0.9964705882,0.3803921569,0.6094117647,0.6980392157,0.4752941176,0.1607843137,0.9333333333,0.8145098039,,-0.9901081,-1.088097,NSGA_TANDEM/gen001/03_OPT/00/NSGA1_000/DES_00942,,1,03_OPT/00/NSGA1_000/DES_00942,
0.72,0.47,0.5411764706,0.4407843137,0.6560784314,0.5552941176,0.1234901961,-10.56470588,0.2854901961,0.3725490196,0.8994117647,0.3262745098,0.6611764706,0.8078431373,0.7717647059,0.1556862745,0.9421568627,0.7956862745,,-0.090986,-0.1046303,NSGA_TANDEM/gen001/03_OPT/00/NSGA1_000/DES_00943,,1,03_OPT/00/NSGA1_000/DES_00943,
0.4866666667,0.1666666667,0.2352941176,0.5301960784,0.5270588235,0.4164705882,0.04498039216,-0.5176470588,0.1411764706,0.5011764706,0.9982352941,0.3945098039,0.6682352941,0.7294117647,0.5924705882,0.1807843137,0.9352941176,0.7980392157,,-0.4647721,-1.036567,NSGA_TANDEM/gen001/03_OPT/00/NSGA1_000/DES_00944,,1,03_OPT/00/NSGA1_000/DES_00944,
0.43,0.1933333333,0.4611764706,0.4047058824,0.351372549,0.4258823529,0.08474509804,7.717647059,0.6274509804,0.4447058824,0.9211764706,0.3231372549,0.7082352941,0.8470588235,0.5162352941,0.1737254902,0.881372549,0.8458823529,,-0.7566985,-0.9343641,NSGA_TANDEM/gen001/03_OPT/00/NSGA1_000/DES_00947,,1,03_OPT/00/NSGA1_000/DES_00947,
0.1666666667,0.49,0.3858823529,0.4564705882,0.4090196078,0.3129411765,0.1071764706,6.070588235,0.2760784314,0.5498039216,0.9876470588,0.2509803922,0.6682352941,0.9647058824,0.4583529412,0.1764705882,0.9166666667,0.7745098039,,0.1614525,-0.1638618,NSGA_TANDEM/gen001/03_OPT/00/NSGA1_000/DES_00949,,1,03_OPT/00/NSGA1_000/DES_00949,
0.5533333333,0.55,0.3952941176,0.4439215686,0.422745098,0.5247058824,0.1219607843,-5.623529412,0.222745098,0.5325490196,0.9288235294,0.3223529412,0.662745098,0.5882352941,0.4569411765,0.157254902,0.9117647059,0.797254902,,0.007680624,-0.004772841,NSGA_TANDEM/gen001/03_OPT/00/NSGA1_000/DES_00950,,1,03_OPT/00/NSGA1_000/DES_00950,
0.66,0.1766666667,0.5623529412,0.4878431373,0.4364705882,0.5435294118,0.08525490196,9.035294118,0.1662745098,0.5498039216,0.8711764706,0.3670588235,0.6517647059,1.262745098,0.6051764706,0.1490196078,0.9264705882,0.797254902,,-0.8801945,-0.9370247,NSGA_TANDEM/gen001/03_OPT/00/NSGA1_000/DES_00953,,1,03_OPT/00/NSGA1_000/DES_00953,
0.36,0.2233333333,0.4894117647,0.4423529412,0.3376470588,0.3788235294,0.08933333333,2.447058824,0.2509803922,0.502745098,0.9952941176,0.3866666667,0.6509803922,0.462745098,0.5275294118,0.1607843137,0.9284313725,0.7980392157,,-0.6618777,-0.9759411,NSGA_TANDEM/gen001/03_OPT/00/NSGA1_000/DES_00954,,1,03_OPT/00/NSGA1_000/DES_00954,
0.3233333333,0.2233333333,0.3082352941,0.5082352941,0.4364705882,0.4094117647,0.1092156863,-2.988235294,0.128627451,0.537254902,0.96,0.3537254902,0.6352941176,0.4392156863,0.4936470588,0.1796078431,0.8990196078,0.7909803922,,-0.03853741,-0.270596,NSGA_TANDEM/gen001/03_OPT/00/NSGA1_000/DES_00955,,1,03_OPT/00/NSGA1_000/DES_00955,
0.5233333333,0.2566666667,0.4070588235,0.4250980392,0.3568627451,0.4823529412,0.1020784314,5.741176471,0.3356862745,0.5262745098,0.8964705882,0.3333333333,0.68,1.670588235,0.6517647059,0.1470588235,0.9176470588,0.762745098,,-0.3801868,-0.466898,NSGA_TANDEM/gen001/03_OPT/00/NSGA1_000/DES_00957,,1,03_OPT/00/NSGA1_000/DES_00957,
0.62,0.3166666667,0.4517647059,0.448627451,0.6203921569,0.3105882353,0.1301176471,6.564705882,0.4705882353,0.4807843137,0.9752941176,0.3537254902,0.6415686275,0.9411764706,0.5910588235,0.1556862745,0.9245098039,0.7643137255,,0.6885569,0.4565948,NSGA_TANDEM/gen001/03_OPT/00/NSGA1_000/DES_00958,,1,03_OPT/00/NSGA1_000/DES_00958,
0.3166666667,0.4733333333,0.5223529412,0.5333333333,0.09333333333,0.4964705882,0.1408235294,10.02352941,0.6682352941,0.52,0.8841176471,0.3082352941,0.6321568627,1.168627451,0.5402352941,0.157254902,0.9176470588,0.7549019608,,0.4908411,0.3467967,NSGA_TANDEM/gen001/03_OPT/00/NSGA1_000/DES_00959,,1,03_OPT/00/NSGA1_000/DES_00959,
0.47,0.43,0.5247058824,0.5098039216,0.09333333333,0.5905882353,0.1260392157,4.917647059,0.608627451,0.4760784314,0.8570588235,0.3168627451,0.6501960784,1.270588235,0.5557647059,0.1274509804,0.9098039216,0.7454901961,,-0.2026246,-0.5959586,NSGA_TANDEM/gen001/03_OPT/00/NSGA1_000/DES_00960,,1,03_OPT/00/NSGA1_000/DES_00960,
0.8166666667,0.67,0.3929411765,0.431372549,0.6725490196,0.5835294118,0.1122745098,-1.670588235,0.6305882353,0.4588235294,0.8747058824,0.3654901961,0.64,0.6588235294,0.6842352941,0.1682352941,0.9235294118,0.8396078431,,-0.3926177,-0.08414801,NSGA_TANDEM/gen001/03_OPT/00/NSGA1_000/DES_00961,,1,03_OPT/00/NSGA1_000/DES_00961,
0.3366666667,0.5966666667,0.52,0.4376470588,0.4996078431,0.3247058824,0.1189019608,-8.917647059,0.5929411765,0.5466666667,0.9682352941,0.2611764706,0.6141176471,1.749019608,0.4992941176,0.1643137255,0.9343137255,0.7141176471,,0.5065092,0.631558,NSGA_TANDEM/gen001/03_OPT/00/NSGA1_000/DES_00962,,1,03_OPT/00/NSGA1_000/DES_00962,
0.1833333333,0.3066666667,0.4282352941,0.4345098039,0.3047058824,0.4705882353,0.1051372549,-4.141176471,0.3419607843,0.5717647059,0.9970588235,0.2807843137,0.6298039216,0.8078431373,0.5247058824,0.1450980392,0.9058823529,0.7941176471,,-0.3306809,-0.5177867,NSGA_TANDEM/gen001/03_OPT/00/NSGA1_000/DES_00963,,1,03_OPT/00/NSGA1_000/DES_00963,
0.3566666667,0.2033333333,0.4752941176,0.528627451,0.4721568627,0.4705882353,0.08984313725,-4.964705882,0.2039215686,0.5482352941,0.9758823529,0.3490196078,0.6211764706,0.2509803922,0.536,0.1552941176,0.8803921569,0.797254902,,-0.4666533,-0.9035313,NSGA_TANDEM/gen001/03_OPT/00/NSGA1_000/DES_00964,,1,03_OPT/00/NSGA1_000/DES_00964,
0.3033333333,0.5766666667,0.4329411765,0.4878431373,0.1894117647,0.3670588235,0.1163529412,-3.811764706,0.1694117647,0.5074509804,0.9570588235,0.2062745098,0.68,0.1411764706,0.4498823529,0.1631372549,0.8931372549,0.7964705882,,-0.2991935,-0.3447022,NSGA_TANDEM/gen001/03_OPT/00/NSGA1_000/DES_00965,,1,03_OPT/00/NSGA1_000/DES_00965,
0.2166666667,0.2033333333,0.2235294118,0.4894117647,0.4447058824,0.4070588235,0.1076862745,3.270588235,0.2603921569,0.5858823529,0.9494117647,0.271372549,0.6156862745,1.121568627,0.6842352941,0.1819607843,0.8676470588,0.7580392157,,0.2391347,-0.186603,NSGA_TANDEM/gen001/03_OPT/00/NSGA1_000/DES_00966,,1,03_OPT/00/NSGA1_000/DES_00966,
0.29,0.25,0.4823529412,0.4015686275,0.4501960784,0.5247058824,0.07556862745,2.776470588,0.5364705882,0.4666666667,0.85,0.3788235294,0.6494117647,0.1490196078,0.5981176471,0.1564705882,0.9333333333,0.8450980392,,-0.845675,-1.250526,NSGA_TANDEM/gen001/03_OPT/00/NSGA1_000/DES_00968,,1,03_OPT/00/NSGA1_000/DES_00968,
0.3333333333,0.1966666667,0.4023529412,0.5803921569,0.3678431373,0.3952941176,0.072,-10.56470588,0.1223529412,0.5137254902,0.9964705882,0.3160784314,0.631372549,0.3058823529,0.5515294118,0.1545098039,0.931372549,0.8035294118,,-0.6979192,-1.076466,NSGA_TANDEM/gen001/03_OPT/00/NSGA1_000/DES_00969,,1,03_OPT/00/NSGA1_000/DES_00969,
0.2966666667,0.4533333333,0.5270588235,0.4815686275,0.2745098039,0.5152941176,0.1326666667,0.9647058824,0.3952941176,0.4196078431,0.9441176471,0.3043137255,0.6415686275,1.411764706,0.5444705882,0.1270588235,0.9156862745,0.74,,0.09790168,-0.141563,NSGA_TANDEM/gen001/03_OPT/00/NSGA1_000/DES_00970,,1,03_OPT/00/NSGA1_000/DES_00970,
0.3,0.4633333333,0.3505882353,0.4376470588,0.4996078431,0.4541176471,0.06231372549,-6.776470588,0.08156862745,0.5043137255,0.9135294118,0.3207843137,0.6290196078,0.5254901961,0.4597647059,0.1329411765,0.9049019608,0.8145098039,,-0.7107457,-1.050142,NSGA_TANDEM/gen001/03_OPT/00/NSGA1_000/DES_00971,,1,03_OPT/00/NSGA1_000/DES_00971,
0.6233333333,0.4566666667,0.5317647059,0.4737254902,0.1015686275,0.5952941176,0.1194117647,-0.5176470588,0.5490196078,0.5560784314,0.8876470588,0.2776470588,0.6431372549,1.058823529,0.6051764706,0.1411764706,0.9215686275,0.7705882353,,-0.241117,-0.4885112,NSGA_TANDEM/gen001/03_OPT/00/NSGA1_000/DES_00972,,1,03_OPT/00/NSGA1_000/DES_00972,
0.5733333333,0.6466666667,0.4376470588,0.5098039216,0.631372549,0.5741176471,0.1041176471,11.50588235,0.5019607843,0.3866666667,0.88,0.3482352941,0.6909803922,0.862745098,0.6291764706,0.1870588235,0.8774509804,0.842745098,,-0.4917161,-0.4293795,NSGA_TANDEM/gen001/03_OPT/00/NSGA1_000/DES_00973,,1,03_OPT/00/NSGA1_000/DES_00973,
0.51,0.3333333333,0.5341176471,0.5898039216,0.631372549,0.5976470588,0.1260392157,-5.623529412,0.2949019608,0.5576470588,0.9017647059,0.3066666667,0.7058823529,0.8941176471,0.5091764706,0.1478431373,0.9490196078,0.8262745098,,-0.3299513,0.4455639,NSGA_TANDEM/gen001/03_OPT/00/NSGA1_000/DES_00974,,1,03_OPT/00/NSGA1_000/DES_00974,
0.16,0.2866666667,0.3576470588,0.4360784314,0.4254901961,0.5247058824,0.1020784314,-6.282352941,0.191372549,0.5592156863,0.9905882353,0.391372549,0.6501960784,0.5960784314,0.5388235294,0.1717647059,0.9294117647,0.7705882353,,-0.4026107,-0.7340602,NSGA_TANDEM/gen001/03_OPT/00/NSGA1_000/DES_00975,,1,03_OPT/00/NSGA1_000/DES_00975,
0.56,0.3166666667,0.5529411765,0.4501960784,0.491372549,0.5670588235,0.0837254902,6.4,0.5521568627,0.4211764706,0.8958823529,0.3694117647,0.6321568627,0.7843137255,0.7209411765,0.1101960784,0.8892156863,0.8121568627,,-0.6164608,-1.100067,NSGA_TANDEM/gen001/03_OPT/00/NSGA1_000/DES_00976,,1,03_OPT/00/NSGA1_000/DES_00976,
0.4066666667,0.5066666667,0.5176470588,0.4078431373,0.3733333333,0.4729411765,0.1301176471,7.552941176,0.3796078431,0.5309803922,0.9194117647,0.3482352941,0.6078431373,0.9647058824,0.7435294118,0.1780392157,0.9352941176,0.7533333333,,0.7363519,0.4173566,NSGA_TANDEM/gen001/03_OPT/00/NSGA1_000/DES_00977,,1,03_OPT/00/NSGA1_000/DES_00977,
0.2566666667,0.3966666667,0.5811764706,0.4580392157,0.2937254902,0.5317647059,0.09443137255,8.705882353,0.4580392157,0.5984313725,0.9576470588,0.2439215686,0.6564705882,0.9333333333,0.4936470588,0.1392156863,0.9284313725,0.8333333333,,-0.9432306,-0.6902813,NSGA_TANDEM/gen001/03_OPT/00/NSGA1_000/DES_00978,,1,03_OPT/00/NSGA1_000/DES_00978,
0.4666666667,0.4933333333,0.5482352941,0.4470588235,0.5737254902,0.5858823529,0.1097254902,4.423529412,0.4078431373,0.4290196078,0.8829411765,0.3725490196,0.6243137255,1.035294118,0.6023529412,0.1749019608,0.8892156863,0.8466666667,,-0.4120879,-0.08961522,NSGA_TANDEM/gen001/03_OPT/00/NSGA1_000/DES_00979,,1,03_OPT/00/NSGA1_000/DES_00979,
0.2966666667,0.8333333333,0.4447058824,0.5882352941,0.5901960784,0.5694117647,0.06996078431,-2.658823529,0.417254902,0.52,0.9123529412,0.3231372549,0.6525490196,1.176470588,0.5924705882,0.1317647059,0.8950980392,0.8254901961,,-1.000569,-0.9633112,NSGA_TANDEM/gen001/03_OPT/00/NSGA1_000/DES_00980,,1,03_OPT/00/NSGA1_000/DES_00980,
0.36,0.3333333333,0.5082352941,0.4517647059,0.3239215686,0.4329411765,0.06639215686,9.035294118,0.7090196078,0.5262745098,0.9064705882,0.3239215686,0.6784313725,0.737254902,0.4781176471,0.1635294118,0.918627451,0.8341176471,,-0.8808476,-1.23149,NSGA_TANDEM/gen001/03_OPT/00/NSGA1_000/DES_00981,,1,03_OPT/00/NSGA1_000/DES_00981,
0.25,0.49,0.5058823529,0.5082352941,0.2415686275,0.2917647059,0.111254902,5.411764706,0.2917647059,0.5466666667,0.9841176471,0.2878431373,0.6941176471,0.2980392157,0.4865882353,0.1980392157,0.9029411765,0.771372549,,0.6148861,-0.1996894,NSGA_TANDEM/gen001/03_OPT/00/NSGA1_000/DES_00983,,1,03_OPT/00/NSGA1_000/DES_00983,
0.6133333333,0.5266666667,0.4588235294,0.4047058824,0.5462745098,0.4611764706,0.1326666667,9.364705882,0.7466666667,0.488627451,0.9417647059,0.2854901961,0.6501960784,0.8,0.6475294118,0.1239215686,0.8941176471,0.7133333333,,0.02243428,-0.5278142,NSGA_TANDEM/gen001/03_OPT/00/NSGA1_000/DES_00984,,1,03_OPT/00/NSGA1_000/DES_00984,
0.4133333333,0.41,0.4588235294,0.4345098039,0.5380392157,0.5082352941,0.136745098,11.50588235,0.3576470588,0.4760784314,0.9017647059,0.3835294118,0.7019607843,0.7058823529,0.5571764706,0.1647058824,0.887254902,0.8207843137,,0.6984844,0.9818002,NSGA_TANDEM/gen001/03_OPT/00/NSGA1_000/DES_00985,,1,03_OPT/00/NSGA1_000/DES_00985,
0.3533333333,0.2933333333,0.52,0.4015686275,0.2580392157,0.5905882353,0.1494901961,-0.3529411765,0.4047058824,0.5090196078,0.8882352941,0.2917647059,0.6517647059,0.6588235294,0.6192941176,0.1603921569,0.9333333333,0.762745098,,0.4016109,0.1538065,NSGA_TANDEM/gen001/03_OPT/00/NSGA1_000/DES_00986,,1,03_OPT/00/NSGA1_000/DES_00986,
0.66,0.4466666667,0.4988235294,0.4235294118,0.6149019608,0.3223529412,0.1030980392,11.17647059,0.5521568627,0.4509803922,0.9005882353,0.3082352941,0.6635294118,0.5647058824,0.5854117647,0.1231372549,0.9382352941,0.7454901961,,-0.328584,-0.841712,NSGA_TANDEM/gen001/03_OPT/00/NSGA1_000/DES_00987,,1,03_OPT/00/NSGA1_000/DES_00987,
0.6166666667,0.3666666667,0.3435294118,0.4235294118,0.3925490196,0.5882352941,0.1377647059,5.411764706,0.3796078431,0.5184313725,0.8941176471,0.3670588235,0.7247058824,0.5333333333,0.5585882353,0.1760784314,0.8980392157,0.7823529412,,0.3494186,0.123271,NSGA_TANDEM/gen001/03_OPT/00/NSGA1_000/DES_00988,,1,03_OPT/00/NSGA1_000/DES_00988,
0.41,0.2533333333,0.4588235294,0.5239215686,0.4364705882,0.48,0.07556862745,-0.02352941176,0.04705882353,0.582745098,0.9829411765,0.3450980392,0.6054901961,0.03921568627,0.6305882353,0.1749019608,0.9303921569,0.7917647059,,-0.5734849,-1.022937,NSGA_TANDEM/gen001/03_OPT/00/NSGA1_000/DES_00989,,1,03_OPT/00/NSGA1_000/DES_00989,
0.2233333333,0.17,0.3129411765,0.5223529412,0.5709803922,0.3811764706,0.1036078431,-5.623529412,0.3231372549,0.568627451,0.9635294118,0.3952941176,0.6329411765,0.8,0.5374117647,0.1670588235,0.9098039216,0.8121568627,,-0.1096146,0.1996122,NSGA_TANDEM/gen001/03_OPT/00/NSGA1_000/DES_00990,,1,03_OPT/00/NSGA1_000/DES_00990,
0.4166666667,0.3533333333,0.5458823529,0.5521568627,0.6450980392,0.4376470588,0.137254902,10.35294118,0.4078431373,0.5749019608,0.8911764706,0.3364705882,0.7309803922,0.6745098039,0.4654117647,0.1443137255,0.9392156863,0.8231372549,,0.6684688,1.305323,NSGA_TANDEM/gen001/03_OPT/00/NSGA1_000/DES_00992,,1,03_OPT/00/NSGA1_000/DES_00992,
0.17,0.4566666667,0.5647058824,0.4925490196,0.351372549,0.4,0.08780392157,5.082352941,0.2447058824,0.5890196078,0.9223529412,0.2635294118,0.648627451,0.9490196078,0.4611764706,0.1560784314,0.9441176471,0.7643137255,,-0.6217806,-0.9774086,NSGA_TANDEM/gen001/03_OPT/00/NSGA1_000/DES_00993,,1,03_OPT/00/NSGA1_000/DES_00993,
0.48,0.3033333333,0.5011764706,0.4439215686,0.3705882353,0.5694117647,0.08423529412,6.729411765,0.2509803922,0.4823529412,0.9629411765,0.3866666667,0.6588235294,0.6745098039,0.4936470588,0.188627451,0.9274509804,0.7729411765,,-0.5800861,-1.029139,NSGA_TANDEM/gen001/03_OPT/00/NSGA1_000/DES_00994,,1,03_OPT/00/NSGA1_000/DES_00994,
0.3,0.22,0.4141176471,0.4203921569,0.4419607843,0.4870588235,0.08321568627,4.094117647,0.2384313725,0.5262745098,0.9782352941,0.3976470588,0.6745098039,0.1490196078,0.5444705882,0.1647058824,0.8970588235,0.8121568627,,-0.6252001,-1.076963,NSGA_TANDEM/gen001/03_OPT/00/NSGA1_000/DES_00996,,1,03_OPT/00/NSGA1_000/DES_00996,
0.31,0.2,0.5458823529,0.5992156863,0.4501960784,0.4964705882,0.1362352941,1.952941176,0.4203921569,0.4980392157,0.9635294118,0.3811764706,0.7396078431,1.192156863,0.4865882353,0.1345098039,0.9196078431,0.7941176471,,0.5432877,1.037455,NSGA_TANDEM/gen001/03_OPT/00/NSGA1_000/DES_00997,,1,03_OPT/00/NSGA1_000/DES_00997,
0.19,0.4433333333,0.3835294118,0.4156862745,0.4282352941,0.4588235294,0.1418431373,7.552941176,0.2729411765,0.5984313725,0.9276470588,0.3011764706,0.6329411765,0.9647058824,0.5642352941,0.18,0.9147058824,0.7556862745,,1.326811,1.322844,NSGA_TANDEM/gen001/03_OPT/00/NSGA1_000/DES_00998,,1,03_OPT/00/NSGA1_000/DES_00998,
0.4433333333,0.3,0.5223529412,0.4533333333,0.4529411765,0.4352941176,0.09443137255,3.6,0.4235294118,0.2956862745,0.9141176471,0.32,0.6611764706,1.176470588,0.5967058824,0.1109803922,0.9098039216,0.7909803922,,-0.6667006,-1.068435,NSGA_TANDEM/gen001/03_OPT/00/NSGA1_000/DES_00999,,1,03_OPT/00/NSGA1_000/DES_00999,
0.49,0.6033333333,0.4682352941,0.5098039216,0.4556862745,0.4164705882,0.1127843137,6.729411765,0.2101960784,0.5309803922,0.9705882353,0.2862745098,0.6384313725,0.5647058824,0.4414117647,0.1352941176,0.9156862745,0.8035294118,,-0.256821,-0.203378,NSGA_TANDEM/gen001/03_OPT/00/NSGA1_000/DES_01000,,1,03_OPT/00/NSGA1_000/DES_01000,
0.2166666667,0.6266666667,0.5035294118,0.5458823529,0.5133333333,0.5129411765,0.1030980392,1.788235294,0.2415686275,0.5843137255,0.8658823529,0.3835294118,0.6282352941,1.396078431,0.6023529412,0.1380392157,0.9470588235,0.8278431373,,-0.3546431,0.3093432,NSGA_TANDEM/gen001/03_OPT/00/NSGA1_000/DES_01001,,1,03_OPT/00/NSGA1_000/DES_01001,
0.36,0.4366666667,0.3905882353,0.448627451,0.2360784314,0.4023529412,0.09952941176,-4.635294118,0.4956862745,0.3003921569,0.9535294118,0.3090196078,0.6407843137,1.419607843,0.5585882353,0.1588235294,0.9460784314,0.8168627451,,-0.6415291,-0.7558603,NSGA_TANDEM/gen001/03_OPT/00/NSGA1_000/DES_01002,,1,03_OPT/00/NSGA1_000/DES_01002,
0.39,0.4266666667,0.4682352941,0.4580392157,0.3733333333,0.4305882353,0.1290980392,1.129411765,0.4988235294,0.5984313725,0.9629411765,0.3341176471,0.6156862745,1.082352941,0.5063529412,0.1960784314,0.9343137255,0.8121568627,,1.386258,1.794653,NSGA_TANDEM/gen001/03_OPT/00/NSGA1_000/DES_01003,,1,03_OPT/00/NSGA1_000/DES_01003,
0.5966666667,0.5233333333,0.5835294118,0.4282352941,0.6121568627,0.4964705882,0.1352156863,3.105882353,0.6682352941,0.5184313725,0.8982352941,0.3301960784,0.6392156863,0.8862745098,0.6277647059,0.1368627451,0.9196078431,0.7117647059,,0.2141337,-0.09511978,NSGA_TANDEM/gen001/03_OPT/00/NSGA1_000/DES_01004,,1,03_OPT/00/NSGA1_000/DES_01004,
0.19,0.1766666667,0.3105882353,0.4533333333,0.3733333333,0.3835294118,0.09647058824,-1.505882353,0.1317647059,0.5498039216,0.9711764706,0.3968627451,0.6164705882,0.6274509804,0.4527058824,0.1447058824,0.9264705882,0.7729411765,,-0.5058993,-0.9385461,NSGA_TANDEM/gen001/03_OPT/00/NSGA1_000/DES_01006,,1,03_OPT/00/NSGA1_000/DES_01006,
0.18,0.22,0.5011764706,0.4737254902,0.04666666667,0.4541176471,0.1183921569,1.294117647,0.6745098039,0.3866666667,0.8511764706,0.3796078431,0.68,0.8,0.5063529412,0.1529411765,0.9254901961,0.7674509804,,-0.1782753,-0.7967863,NSGA_TANDEM/gen001/03_OPT/00/NSGA1_000/DES_01007,,1,03_OPT/00/NSGA1_000/DES_01007,
0.4066666667,0.25,0.48,0.4941176471,0.491372549,0.4847058824,0.1479607843,3.435294118,0.3325490196,0.5639215686,0.9094117647,0.3043137255,0.7074509804,1.176470588,0.4992941176,0.1239215686,0.9333333333,0.8207843137,,1.096846,1.701147,NSGA_TANDEM/gen001/03_OPT/00/NSGA1_000/DES_01008,,1,03_OPT/00/NSGA1_000/DES_01008,
0.2733333333,0.54,0.5835294118,0.4078431373,0.3650980392,0.5341176471,0.110745098,5.247058824,0.3262745098,0.5749019608,0.9635294118,0.2658823529,0.6384313725,0.6980392157,0.5712941176,0.1298039216,0.9431372549,0.8066666667,,-0.5275747,-0.3650679,NSGA_TANDEM/gen001/03_OPT/00/NSGA1_000/DES_01012,,1,03_OPT/00/NSGA1_000/DES_01012,
0.1833333333,0.45,0.3505882353,0.4580392157,0.4666666667,0.24,0.1178823529,6.894117647,0.2980392157,0.5639215686,0.9870588235,0.28,0.6650980392,0.02352941176,0.4428235294,0.1960784314,0.9245098039,0.7901960784,,0.7676536,0.2661673,NSGA_TANDEM/gen001/03_OPT/00/NSGA1_000/DES_01013,,1,03_OPT/00/NSGA1_000/DES_01013,
0.3433333333,0.4533333333,0.2752941176,0.6054901961,0.3349019608,0.4776470588,0.07811764706,-4.305882353,0.4423529412,0.3458823529,0.9194117647,0.3239215686,0.6415686275,1.168627451,0.4823529412,0.1529411765,0.9264705882,0.8325490196,,-1.007025,-1.258218,NSGA_TANDEM/gen001/03_OPT/00/NSGA1_000/DES_01014,,1,03_OPT/00/NSGA1_000/DES_01014,
0.6,0.63,0.4282352941,0.4909803922,0.6121568627,0.5223529412,0.1036078431,-4.8,0.2635294118,0.3992156863,0.9223529412,0.3388235294,0.6588235294,1.819607843,0.632,0.1494117647,0.8941176471,0.7980392157,,-0.3550497,0.2050453,NSGA_TANDEM/gen001/03_OPT/00/NSGA1_000/DES_01015,,1,03_OPT/00/NSGA1_000/DES_01015,
0.3066666667,0.2033333333,0.4517647059,0.4611764706,0.2937254902,0.4611764706,0.1010588235,5.576470588,0.1725490196,0.5890196078,0.9947058824,0.3090196078,0.6250980392,0.4705882353,0.6376470588,0.137254902,0.8735294118,0.8098039216,,-0.278569,-0.6088659,NSGA_TANDEM/gen001/03_OPT/00/NSGA1_000/DES_01017,,1,03_OPT/00/NSGA1_000/DES_01017,
0.49,0.33,0.4329411765,0.4784313725,0.3788235294,0.4305882353,0.1316470588,-2.988235294,0.01882352941,0.5152941176,0.9347058824,0.28,0.6235294118,0.5333333333,0.5063529412,0.1533333333,0.9333333333,0.7847058824,,0.3252275,0.1439035,NSGA_TANDEM/gen001/03_OPT/00/NSGA1_000/DES_01019,,1,03_OPT/00/NSGA1_000/DES_01019,
0.4733333333,0.55,0.3694117647,0.4737254902,0.6011764706,0.4423529412,0.1296078431,2.776470588,0.2980392157,0.5231372549,0.9111764706,0.3239215686,0.6235294118,0.9176470588,0.4894117647,0.1784313725,0.937254902,0.7525490196,,0.6328128,0.4436755,NSGA_TANDEM/gen001/03_OPT/00/NSGA1_000/DES_01020,,1,03_OPT/00/NSGA1_000/DES_01020,
0.68,0.3033333333,0.5576470588,0.6337254902,0.5737254902,0.4235294118,0.1025882353,1.623529412,0.6117647059,0.3725490196,0.8647058824,0.3443137255,0.6454901961,1.262745098,0.6023529412,0.1443137255,0.918627451,0.7870588235,,-0.5651447,-0.5167114,NSGA_TANDEM/gen001/03_OPT/00/NSGA1_000/DES_01022,,1,03_OPT/00/NSGA1_000/DES_01022,
0.2533333333,0.6933333333,0.3623529412,0.591372549,0.697254902,0.5482352941,0.07352941176,-1.835294118,0.3450980392,0.5921568627,0.85,0.3247058824,0.6243137255,0.9490196078,0.5162352941,0.1419607843,0.9117647059,0.8623529412,,-1.214205,-0.8423114,NSGA_TANDEM/gen001/03_OPT/00/NSGA1_000/DES_01024,,1,03_OPT/00/NSGA1_000/DES_01024,
0.32,0.29,0.3929411765,0.4345098039,0.4062745098,0.44,0.04396078431,1.788235294,0.2415686275,0.4807843137,0.9941176471,0.3811764706,0.6141176471,0.6352941176,0.4795294118,0.1592156863,0.9205882353,0.8294117647,,-0.5352491,-1.0797,NSGA_TANDEM/gen001/03_OPT/00/NSGA1_000/DES_01025,,1,03_OPT/00/NSGA1_000/DES_01025,
0.69,0.4133333333,0.4988235294,0.4501960784,0.56,0.4376470588,0.1290980392,3.435294118,0.4705882353,0.3411764706,0.8752941176,0.3380392157,0.6305882353,1.066666667,0.6701176471,0.1109803922,0.9,0.7454901961,,-0.03557837,-0.3976598,NSGA_TANDEM/gen001/03_OPT/00/NSGA1_000/DES_01026,,1,03_OPT/00/NSGA1_000/DES_01026,
0.2866666667,0.3266666667,0.4423529412,0.4768627451,0.3431372549,0.5482352941,0.1102352941,2.776470588,0.6619607843,0.4870588235,0.9029411765,0.3388235294,0.6235294118,0.6980392157,0.5797647059,0.1549019608,0.937254902,0.8231372549,,-0.7046848,-0.4437589,NSGA_TANDEM/gen001/03_OPT/00/NSGA1_000/DES_01028,,1,03_OPT/00/NSGA1_000/DES_01028,
0.3066666667,0.1733333333,0.4635294118,0.4015686275,0.628627451,0.2988235294,0.09443137255,3.270588235,0.2415686275,0.5858823529,0.9547058824,0.3709803922,0.622745098,0.462745098,0.5063529412,0.1874509804,0.9264705882,0.7721568627,,-0.2636075,-0.6266583,NSGA_TANDEM/gen001/03_OPT/00/NSGA1_000/DES_01029,,1,03_OPT/00/NSGA1_000/DES_01029,
0.6033333333,0.28,0.4282352941,0.4721568627,0.491372549,0.4682352941,0.07556862745,4.917647059,0.4517647059,0.5137254902,0.88,0.3035294118,0.6792156863,1.458823529,0.6178823529,0.1549019608,0.9235294118,0.811372549,,-0.9518325,-1.107629,NSGA_TANDEM/gen001/03_OPT/00/NSGA1_000/DES_01030,,1,03_OPT/00/NSGA1_000/DES_01030,
0.3066666667,0.5433333333,0.5717647059,0.5239215686,0.6643137255,0.5811764706,0.07760784314,-10.07058824,0.32,0.5184313725,0.8835294118,0.3756862745,0.6094117647,1.521568627,0.608,0.1301960784,0.9078431373,0.82,,-1.078181,-0.7324138,NSGA_TANDEM/gen001/03_OPT/00/NSGA1_000/DES_01031,,1,03_OPT/00/NSGA1_000/DES_01031,
0.4333333333,0.4666666667,0.4752941176,0.4031372549,0.2937254902,0.4635294118,0.1158431373,11.50588235,0.1882352941,0.4854901961,0.91,0.3623529412,0.6345098039,1.364705882,0.7011764706,0.1309803922,0.9254901961,0.7752941176,,-0.08631299,-0.1241223,NSGA_TANDEM/gen001/03_OPT/00/NSGA1_000/DES_01032,,1,03_OPT/00/NSGA1_000/DES_01032,
0.21,0.25,0.05882352941,0.4392156863,0.6231372549,0.4447058824,0.1199215686,0.3058823529,0.2760784314,0.5890196078,0.9770588235,0.262745098,0.622745098,1.623529412,0.656,0.1584313725,0.8862745098,0.7517647059,,0.523567,0.4975908,NSGA_TANDEM/gen001/03_OPT/00/NSGA1_000/DES_01033,,1,03_OPT/00/NSGA1_000/DES_01033,
0.65,0.6666666667,0.4894117647,0.4376470588,0.6615686275,0.3482352941,0.1051372549,6.4,0.608627451,0.4650980392,0.9211764706,0.3019607843,0.6854901961,1.043137255,0.5967058824,0.1407843137,0.9147058824,0.7329411765,,-0.1828881,-0.801991,NSGA_TANDEM/gen001/03_OPT/00/NSGA1_000/DES_01034,,1,03_OPT/00/NSGA1_000/DES_01034,
0.3766666667,0.5766666667,0.2705882353,0.4078431373,0.6258823529,0.3929411765,0.08933333333,-9.905882353,0.01568627451,0.4949019608,0.9347058824,0.3098039216,0.6384313725,0.7450980392,0.4512941176,0.14,0.8745098039,0.7909803922,,-0.4641696,-0.8247331,NSGA_TANDEM/gen001/03_OPT/00/NSGA1_000/DES_01040,,1,03_OPT/00/NSGA1_000/DES_01040,
0.19,0.32,0.4729411765,0.4909803922,0.3815686275,0.3741176471,0.06384313725,3.929411765,0.05019607843,0.5858823529,0.9288235294,0.2580392157,0.6525490196,1.262745098,0.4498823529,0.1537254902,0.9009803922,0.7729411765,,-0.7048144,-1.059812,NSGA_TANDEM/gen001/03_OPT/00/NSGA1_000/DES_01041,,1,03_OPT/00/NSGA1_000/DES_01041,
0.42,0.6,0.5647058824,0.4407843137,0.3596078431,0.4494117647,0.08933333333,5.741176471,0.2384313725,0.4996078431,0.9,0.3756862745,0.6180392157,1.050980392,0.7491764706,0.1592156863,0.9196078431,0.771372549,,-0.3279902,-0.8496216,NSGA_TANDEM/gen001/03_OPT/00/NSGA1_000/DES_01042,,1,03_OPT/00/NSGA1_000/DES_01042,
0.33,0.38,0.5058823529,0.4596078431,0.5243137255,0.4447058824,0.0862745098,-8.258823529,0.03764705882,0.4745098039,0.9058823529,0.2501960784,0.6556862745,1.223529412,0.4922352941,0.1584313725,0.9470588235,0.7941176471,,-0.943865,-0.9316217,NSGA_TANDEM/gen001/03_OPT/00/NSGA1_000/DES_01043,,1,03_OPT/00/NSGA1_000/DES_01043,
0.3033333333,0.16,0.5176470588,0.4925490196,0.4117647059,0.5552941176,0.09290196078,10.02352941,0.2854901961,0.5043137255,0.9105882353,0.3058823529,0.6235294118,0.2196078431,0.4752941176,0.1792156863,0.9401960784,0.8160784314,,-0.9245125,-1.13606,NSGA_TANDEM/gen001/03_OPT/00/NSGA1_000/DES_01044,,1,03_OPT/00/NSGA1_000/DES_01044,
0.3333333333,0.2566666667,0.4,0.4956862745,0.5462745098,0.4611764706,0.124,4.094117647,0.5960784314,0.5325490196,0.9723529412,0.368627451,0.6062745098,1.317647059,0.5077647059,0.1858823529,0.887254902,0.7956862745,,0.7086797,1.082417,NSGA_TANDEM/gen001/03_OPT/00/NSGA1_000/DES_01045,,1,03_OPT/00/NSGA1_000/DES_01045,
0.4266666667,0.5066666667,0.5364705882,0.4031372549,0.2333333333,0.4870588235,0.07862745098,-7.764705882,0.4674509804,0.3396078431,0.9335294118,0.3396078431,0.662745098,1.121568627,0.488,0.1839215686,0.9176470588,0.8082352941,,-0.6666958,-1.078182,NSGA_TANDEM/gen001/03_OPT/00/NSGA1_000/DES_01046,,1,03_OPT/00/NSGA1_000/DES_01046,
0.5266666667,0.3166666667,0.4682352941,0.5349019608,0.557254902,0.4470588235,0.1382745098,11.34117647,0.2917647059,0.4980392157,0.8670588235,0.3239215686,0.7529411765,0.6980392157,0.4978823529,0.148627451,0.8941176471,0.8450980392,,0.8100748,1.139131,NSGA_TANDEM/gen001/03_OPT/00/NSGA1_000/DES_01047,,1,03_OPT/00/NSGA1_000/DES_01047,
0.1966666667,0.64,0.5341176471,0.5239215686,0.5682352941,0.4705882353,0.09850980392,-15.83529412,0.4831372549,0.5670588235,0.8829411765,0.3882352941,0.6235294118,0.9882352941,0.6447058824,0.1411764706,0.918627451,0.8364705882,,-0.2780901,0.27461,NSGA_TANDEM/gen001/03_OPT/00/NSGA1_000/DES_01048,,1,03_OPT/00/NSGA1_000/DES_01048,
0.2066666667,0.4766666667,0.5176470588,0.4062745098,0.5737254902,0.4376470588,0.09443137255,4.094117647,0.2164705882,0.5654901961,0.9047058824,0.2690196078,0.6823529412,0.7529411765,0.4936470588,0.1560784314,0.881372549,0.7901960784,,-0.3627937,-0.6051999,NSGA_TANDEM/gen001/03_OPT/00/NSGA1_000/DES_01049,,1,03_OPT/00/NSGA1_000/DES_01049,
0.52,0.26,0.4494117647,0.5850980392,0.3321568627,0.5835294118,0.136745098,-2.164705882,0.6431372549,0.5309803922,0.8988235294,0.3309803922,0.6862745098,0.6980392157,0.7251764706,0.1517647059,0.9460784314,0.7007843137,,0.1589193,-0.5041315,NSGA_TANDEM/gen001/03_OPT/00/NSGA1_000/DES_01050,,1,03_OPT/00/NSGA1_000/DES_01050,
0.66,0.3266666667,0.5129411765,0.5254901961,0.3541176471,0.3529411765,0.1158431373,6.729411765,0.2509803922,0.5435294118,0.8982352941,0.3082352941,0.697254902,0.7294117647,0.6334117647,0.1407843137,0.9264705882,0.7878431373,,0.1457993,-0.07043705,NSGA_TANDEM/gen001/03_OPT/00/NSGA1_000/DES_01052,,1,03_OPT/00/NSGA1_000/DES_01052,
0.2066666667,0.29,0.5623529412,0.5176470588,0.5050980392,0.2141176471,0.1030980392,5.741176471,0.3450980392,0.4870588235,0.9811764706,0.2549019608,0.7066666667,0.5647058824,0.4738823529,0.1623529412,0.9009803922,0.8074509804,,-0.07471457,-0.2765326,NSGA_TANDEM/gen001/03_OPT/00/NSGA1_000/DES_01053,,1,03_OPT/00/NSGA1_000/DES_01053,
0.2766666667,0.3433333333,0.4941176471,0.5035294118,0.4776470588,0.4564705882,0.1020784314,-6.941176471,0.1568627451,0.5309803922,0.9188235294,0.3325490196,0.6878431373,1.011764706,0.4569411765,0.1564705882,0.8607843137,0.7501960784,,-0.1141046,-0.5297826,NSGA_TANDEM/gen001/03_OPT/00/NSGA1_000/DES_01054,,1,03_OPT/00/NSGA1_000/DES_01054,
0.5033333333,0.3,0.4964705882,0.4517647059,0.1482352941,0.5247058824,0.1408235294,8.211764706,0.6305882353,0.457254902,0.8723529412,0.2768627451,0.6337254902,0.7529411765,0.6475294118,0.1654901961,0.9196078431,0.7415686275,,0.189299,-0.1204137,NSGA_TANDEM/gen001/03_OPT/00/NSGA1_000/DES_01055,,1,03_OPT/00/NSGA1_000/DES_01055,
0.6066666667,0.3566666667,0.4964705882,0.5050980392,0.3678431373,0.4329411765,0.1199215686,3.435294118,0.3294117647,0.5701960784,0.8988235294,0.3058823529,0.6941176471,0.6509803922,0.6037647059,0.1478431373,0.918627451,0.7698039216,,0.1101023,-0.225097,NSGA_TANDEM/gen001/03_OPT/00/NSGA1_000/DES_01056,,1,03_OPT/00/NSGA1_000/DES_01056,
0.4633333333,0.4766666667,0.4470588235,0.4282352941,0.4996078431,0.5835294118,0.1132941176,8.047058824,0.5678431373,0.4870588235,0.9052941176,0.3717647059,0.6643137255,0.3529411765,0.6362352941,0.1556862745,0.9362745098,0.8592156863,,-0.6813916,-0.371381,NSGA_TANDEM/gen001/03_OPT/00/NSGA1_000/DES_01058,,1,03_OPT/00/NSGA1_000/DES_01058,
0.2233333333,0.4233333333,0.5858823529,0.4941176471,0.142745098,0.4047058824,0.1321568627,0.3058823529,0.1694117647,0.5607843137,0.9794117647,0.2141176471,0.6454901961,0.1960784314,0.4569411765,0.1662745098,0.9333333333,0.7698039216,,0.5013349,-0.006613058,NSGA_TANDEM/gen001/03_OPT/00/NSGA1_000/DES_01059,,1,03_OPT/00/NSGA1_000/DES_01059,
0.4266666667,0.3066666667,0.4917647059,0.4909803922,0.4145098039,0.2894117647,0.09545098039,3.105882353,0.2447058824,0.5121568627,0.9952941176,0.3858823529,0.6298039216,0.5803921569,0.5444705882,0.1596078431,0.9009803922,0.811372549,,-0.2723937,-0.2980349,NSGA_TANDEM/gen001/03_OPT/00/NSGA1_000/DES_01060,,1,03_OPT/00/NSGA1_000/DES_01060,
0.3933333333,0.3466666667,0.5976470588,0.5160784314,0.3733333333,0.5011764706,0.09341176471,2.282352941,0.3356862745,0.568627451,0.9482352941,0.2870588235,0.6525490196,0.5490196078,0.4597647059,0.1619607843,0.9382352941,0.8003921569,,-0.7869804,-0.841072,NSGA_TANDEM/gen001/03_OPT/00/NSGA1_000/DES_01061,,1,03_OPT/00/NSGA1_000/DES_01061,
0.36,0.58,0.4705882353,0.4125490196,0.4474509804,0.5717647059,0.110745098,4.423529412,0.2760784314,0.4949019608,0.9541176471,0.3866666667,0.6282352941,0.5960784314,0.6037647059,0.1690196078,0.9421568627,0.7337254902,,-0.2357583,-0.567749,NSGA_TANDEM/gen001/03_OPT/00/NSGA1_000/DES_01063,,1,03_OPT/00/NSGA1_000/DES_01063,
0.4566666667,0.3933333333,0.4352941176,0.4407843137,0.6011764706,0.5294117647,0.09952941176,6.235294118,0.5050980392,0.3756862745,0.8782352941,0.3568627451,0.6133333333,0.02352941176,0.6037647059,0.1501960784,0.918627451,0.8380392157,,-0.7903425,-1.072989,NSGA_TANDEM/gen001/03_OPT/00/NSGA1_000/DES_01064,,1,03_OPT/00/NSGA1_000/DES_01064,
0.32,0.4266666667,0.4423529412,0.4078431373,0.2717647059,0.4988235294,0.1377647059,5.741176471,0.3482352941,0.4996078431,0.8858823529,0.3011764706,0.6933333333,0.862745098,0.5571764706,0.1564705882,0.9490196078,0.7556862745,,0.2666826,-0.08575592,NSGA_TANDEM/gen001/03_OPT/00/NSGA1_000/DES_01065,,1,03_OPT/00/NSGA1_000/DES_01065,
0.4833333333,0.1933333333,0.5670588235,0.4188235294,0.4556862745,0.5247058824,0.1194117647,11.17647059,0.3639215686,0.44,0.9117647059,0.368627451,0.6439215686,0.6352941176,0.5529411765,0.1803921569,0.9029411765,0.86,,-0.2664957,-0.01216684,NSGA_TANDEM/gen001/03_OPT/00/NSGA1_000/DES_01066,,1,03_OPT/00/NSGA1_000/DES_01066,
0.2333333333,0.4533333333,0.4611764706,0.5333333333,0.2690196078,0.2564705882,0.1122745098,4.094117647,0.2164705882,0.5780392157,0.9558823529,0.3074509804,0.7137254902,0.2509803922,0.5204705882,0.1964705882,0.8852941176,0.797254902,,0.9937381,0.4492853,NSGA_TANDEM/gen001/03_OPT/00/NSGA1_000/DES_01069,,1,03_OPT/00/NSGA1_000/DES_01069,
0.3566666667,0.4266666667,0.5270588235,0.4282352941,0.5682352941,0.3341176471,0.07862745098,-8.423529412,0.05647058824,0.4682352941,0.9335294118,0.302745098,0.6588235294,0.6509803922,0.4527058824,0.1384313725,0.9245098039,0.7988235294,,-0.7982026,-1.092756,NSGA_TANDEM/gen001/03_OPT/00/NSGA1_000/DES_01071,,1,03_OPT/00/NSGA1_000/DES_01071,
0.2333333333,0.21,0.5247058824,0.4203921569,0.5298039216,0.4941176471,0.08474509804,1.952941176,0.4925490196,0.4980392157,0.9011764706,0.3403921569,0.6015686275,1.458823529,0.6221176471,0.1698039216,0.918627451,0.8019607843,,-0.8056254,-0.8844021,NSGA_TANDEM/gen001/03_OPT/00/NSGA1_000/DES_01073,,1,03_OPT/00/NSGA1_000/DES_01073,
0.4633333333,0.4333333333,0.5411764706,0.4784313725,0.5737254902,0.4941176471,0.1122745098,7.388235294,0.6023529412,0.5654901961,0.8811764706,0.2901960784,0.6776470588,0.8862745098,0.6305882353,0.1180392157,0.9245098039,0.7596078431,,-0.3721954,-0.6764854,NSGA_TANDEM/gen001/03_OPT/00/NSGA1_000/DES_01074,,1,03_OPT/00/NSGA1_000/DES_01074,
0.56,0.1733333333,0.4988235294,0.5333333333,0.3898039216,0.4141176471,0.1071764706,1.788235294,0.3011764706,0.5780392157,0.9223529412,0.3152941176,0.6760784314,0.6901960784,0.7025882353,0.14,0.9029411765,0.8090196078,,-0.01835592,-0.01622054,NSGA_TANDEM/gen001/03_OPT/00/NSGA1_000/DES_01077,,1,03_OPT/00/NSGA1_000/DES_01077,
0.6033333333,0.3166666667,0.4211764706,0.5552941176,0.4831372549,0.5082352941,0.1326666667,6.564705882,0.448627451,0.5121568627,0.9,0.3294117647,0.7309803922,1.341176471,0.6094117647,0.1537254902,0.887254902,0.8270588235,,1.086118,1.571382,NSGA_TANDEM/gen001/03_OPT/00/NSGA1_000/DES_01078,,1,03_OPT/00/NSGA1_000/DES_01078,
0.66,0.4833333333,0.5317647059,0.5537254902,0.5929411765,0.4188235294,0.1025882353,7.717647059,0.5678431373,0.52,0.8923529412,0.3466666667,0.6658823529,0.8078431373,0.6164705882,0.1776470588,0.9294117647,0.7737254902,,-0.2480843,-0.4402962,NSGA_TANDEM/gen001/03_OPT/00/NSGA1_000/DES_01079,,1,03_OPT/00/NSGA1_000/DES_01079,
0.2633333333,0.3233333333,0.4564705882,0.5019607843,0.2031372549,0.5105882353,0.1081960784,-14.51764706,0.4894117647,0.2847058824,0.9682352941,0.3207843137,0.6376470588,1.294117647,0.488,0.1470588235,0.9401960784,0.7752941176,,-0.5808585,-0.9392457,NSGA_TANDEM/gen001/03_OPT/00/NSGA1_000/DES_01080,,1,03_OPT/00/NSGA1_000/DES_01080,
0.43,0.3866666667,0.4,0.4988235294,0.5490196078,0.3294117647,0.1194117647,6.894117647,0.4141176471,0.2564705882,0.9176470588,0.328627451,0.6007843137,1.317647059,0.6150588235,0.1156862745,0.9352941176,0.7643137255,,-0.3493534,-0.6006365,NSGA_TANDEM/gen001/03_OPT/00/NSGA1_000/DES_01082,,1,03_OPT/00/NSGA1_000/DES_01082,
0.2466666667,0.6233333333,0.5129411765,0.5443137255,0.697254902,0.5411764706,0.09647058824,-5.129411765,0.5396078431,0.5356862745,0.8582352941,0.3701960784,0.6549019608,1.192156863,0.5543529412,0.1294117647,0.8931372549,0.8364705882,,-0.596384,0.120641,NSGA_TANDEM/gen001/03_OPT/00/NSGA1_000/DES_01083,,1,03_OPT/00/NSGA1_000/DES_01083,
0.81,0.2833333333,0.5129411765,0.4643137255,0.4831372549,0.5270588235,0.104627451,9.2,0.5301960784,0.4698039216,0.96,0.3505882353,0.7905882353,1.011764706,0.4527058824,0.16,0.8892156863,0.828627451,,-0.6853467,-0.3320789,NSGA_TANDEM/gen001/03_OPT/00/NSGA1_000/DES_01086,,1,03_OPT/00/NSGA1_000/DES_01086,
0.39,0.6766666667,0.5835294118,0.5066666667,0.2690196078,0.4635294118,0.1398039216,-3.811764706,0.3450980392,0.4180392157,0.9270588235,0.3474509804,0.6070588235,1.074509804,0.5416470588,0.1117647059,0.9147058824,0.7509803922,,0.4887541,0.465828,NSGA_TANDEM/gen001/03_OPT/00/NSGA1_000/DES_01087,,1,03_OPT/00/NSGA1_000/DES_01087,
0.1633333333,0.9533333333,0.4541176471,0.4407843137,0.5984313725,0.2729411765,0.05721568627,11.01176471,0.3137254902,0.5843137255,0.8570588235,0.302745098,0.6047058824,0.6823529412,0.7703529412,0.1317647059,0.9441176471,0.8152941176,,-0.6916274,-1.164194,NSGA_TANDEM/gen001/03_OPT/00/NSGA1_000/DES_01088,,1,03_OPT/00/NSGA1_000/DES_01088,
0.3133333333,0.3766666667,0.4376470588,0.4376470588,0.4309803922,0.4847058824,0.09188235294,5.082352941,0.6650980392,0.4384313725,0.9264705882,0.3466666667,0.6282352941,1.160784314,0.6729411765,0.1701960784,0.9176470588,0.8317647059,,-0.7167786,-0.7516399,NSGA_TANDEM/gen001/03_OPT/00/NSGA1_000/DES_01089,,1,03_OPT/00/NSGA1_000/DES_01089,
0.4166666667,0.19,0.5576470588,0.5647058824,0.1866666667,0.4682352941,0.1010588235,7.717647059,0.2823529412,0.4180392157,0.9488235294,0.3654901961,0.6196078431,0.2588235294,0.4442352941,0.1505882353,0.9450980392,0.7901960784,,-0.657882,-1.000247,NSGA_TANDEM/gen001/03_OPT/00/NSGA1_000/DES_01090,,1,03_OPT/00/NSGA1_000/DES_01090,
0.57,0.3366666667,0.5835294118,0.5192156863,0.417254902,0.5388235294,0.117372549,6.894117647,0.4956862745,0.5764705882,0.9,0.3435294118,0.7254901961,0.7058823529,0.6150588235,0.1537254902,0.9352941176,0.7666666667,,-0.2060757,-0.4035836,NSGA_TANDEM/gen001/03_OPT/00/NSGA1_000/DES_01091,,1,03_OPT/00/NSGA1_000/DES_01091,
0.5266666667,0.1933333333,0.5952941176,0.4188235294,0.4556862745,0.4847058824,0.1087058824,8.870588235,0.7435294118,0.4870588235,0.9535294118,0.342745098,0.7333333333,0.7843137255,0.4752941176,0.1584313725,0.9460784314,0.82,,-0.8127903,-0.5612844,NSGA_TANDEM/gen001/03_OPT/00/NSGA1_000/DES_01092,,1,03_OPT/00/NSGA1_000/DES_01092,
0.1566666667,0.56,0.3411764706,0.4878431373,0.631372549,0.5717647059,0.0908627451,-2.658823529,0.1756862745,0.5905882353,0.8582352941,0.3270588235,0.6454901961,1.349019608,0.6009411765,0.1345098039,0.9137254902,0.8403921569,,-0.7206895,-0.2143307,NSGA_TANDEM/gen001/03_OPT/00/NSGA1_000/DES_01093,,1,03_OPT/00/NSGA1_000/DES_01093,
0.39,0.4666666667,0.5152941176,0.5082352941,0.4803921569,0.4376470588,0.117372549,5.905882353,0.4956862745,0.36,0.8758823529,0.3898039216,0.6674509804,1.592156863,0.5656470588,0.1858823529,0.9029411765,0.8082352941,,0.2918726,0.6007869,NSGA_TANDEM/gen001/03_OPT/00/NSGA1_000/DES_01094,,1,03_OPT/00/NSGA1_000/DES_01094,
0.3466666667,0.3166666667,0.5035294118,0.4376470588,0.5078431373,0.3576470588,0.1122745098,11.17647059,0.511372549,0.3050980392,0.9270588235,0.3192156863,0.6376470588,1.223529412,0.6574117647,0.1152941176,0.9401960784,0.7603921569,,-0.4651656,-0.9330425,NSGA_TANDEM/gen001/03_OPT/00/NSGA1_000/DES_01095,,1,03_OPT/00/NSGA1_000/DES_01095,
0.1533333333,0.1733333333,0.44,0.4611764706,0.05490196078,0.5270588235,0.1398039216,5.082352941,0.7121568627,0.3098039216,0.8511764706,0.3615686275,0.6878431373,0.8078431373,0.6009411765,0.137254902,0.9264705882,0.7862745098,,-0.09854306,-0.400412,NSGA_TANDEM/gen001/03_OPT/00/NSGA1_000/DES_01096,,1,03_OPT/00/NSGA1_000/DES_01096,
0.3566666667,0.3466666667,0.4823529412,0.4141176471,0.5215686275,0.5623529412,0.1143137255,6.4,0.3262745098,0.5905882353,0.9470588235,0.3231372549,0.6525490196,0.831372549,0.4894117647,0.1580392157,0.9049019608,0.7768627451,,-0.2716418,-0.3723477,NSGA_TANDEM/gen001/03_OPT/00/NSGA1_000/DES_01097,,1,03_OPT/00/NSGA1_000/DES_01097,
0.74,0.4333333333,0.3952941176,0.4454901961,0.3788235294,0.5058823529,0.1183921569,4.094117647,0.3011764706,0.488627451,0.8911764706,0.3317647059,0.6839215686,0.4705882353,0.5402352941,0.1745098039,0.8617647059,0.7862745098,,0.04394495,-0.4150205,NSGA_TANDEM/gen001/03_OPT/00/NSGA1_000/DES_01098,,1,03_OPT/00/NSGA1_000/DES_01098,
0.31,0.62,0.5741176471,0.5035294118,0.1317647059,0.2470588235,0.1036078431,-0.1882352941,0.1035294118,0.5419607843,0.9617647059,0.2188235294,0.6462745098,0.1725490196,0.5317647059,0.1435294118,0.8892156863,0.7949019608,,-0.3308449,-0.5417871,NSGA_TANDEM/gen001/03_OPT/00/NSGA1_000/DES_01099,,1,03_OPT/00/NSGA1_000/DES_01099,
0.5633333333,0.2266666667,0.5858823529,0.511372549,0.5792156863,0.3576470588,0.1168627451,7.388235294,0.5490196078,0.342745098,0.8605882353,0.3733333333,0.6,1.42745098,0.656,0.1560784314,0.9196078431,0.8349019608,,-0.0732582,0.2910823,NSGA_TANDEM/gen001/03_OPT/00/NSGA1_000/DES_01101,,1,03_OPT/00/NSGA1_000/DES_01101,
0.1833333333,0.4466666667,0.5176470588,0.5364705882,0.4309803922,0.5011764706,0.1041176471,-13.36470588,0.06274509804,0.5403921569,0.9123529412,0.2917647059,0.6478431373,1.050980392,0.4555294118,0.1611764706,0.9019607843,0.811372549,,-0.208549,0.07827537,NSGA_TANDEM/gen001/03_OPT/00/NSGA1_000/DES_01102,,1,03_OPT/00/NSGA1_000/DES_01102,
0.2366666667,0.4833333333,0.5317647059,0.4658823529,0.3678431373,0.5011764706,0.09545098039,11.01176471,0.4141176471,0.5733333333,0.9629411765,0.2635294118,0.6635294118,0.8784313725,0.5218823529,0.1407843137,0.9450980392,0.837254902,,-0.9802196,-0.721093,NSGA_TANDEM/gen001/03_OPT/00/NSGA1_000/DES_01104,,1,03_OPT/00/NSGA1_000/DES_01104,
0.5433333333,0.5666666667,0.4894117647,0.542745098,0.5133333333,0.3976470588,0.1127843137,5.905882353,0.16,0.5105882353,0.9711764706,0.3003921569,0.6235294118,0.3294117647,0.4992941176,0.1356862745,0.9068627451,0.7839215686,,-0.1603231,-0.4949243,NSGA_TANDEM/gen001/03_OPT/00/NSGA1_000/DES_01106,,1,03_OPT/00/NSGA1_000/DES_01106,
0.4,0.58,0.5905882353,0.4705882353,0.42,0.3952941176,0.117372549,3.764705882,0.2760784314,0.5984313725,0.9258823529,0.2831372549,0.7035294118,0.7529411765,0.4781176471,0.1631372549,0.9460784314,0.8356862745,,0.4761195,0.792801,NSGA_TANDEM/gen001/03_OPT/00/NSGA1_000/DES_01107,,1,03_OPT/00/NSGA1_000/DES_01107,
